variant,base_variant,split_id,experiment_group,history_strategy,freq_strategy,deploy_context_mode,electrode,model_bce,global_bce,pattern_bce,improvement_vs_pattern
task2_hybrid_spike_localization,task2_hybrid_spike_localization,random,hybrid_localization,H24_D64_embedding_layers2_best_c4,direct_rbf16_plus_full_z_window_context,z_window_summary,0,0.06587336212396622,0.07127141952514648,0.06856215745210648,0.03921690081031208
task2_hybrid_spike_localization,task2_hybrid_spike_localization,random,hybrid_localization,H24_D64_embedding_layers2_best_c4,direct_rbf16_plus_full_z_window_context,z_window_summary,1,0.01342318207025528,0.01501260045915842,0.014722589403390884,0.08825942893145736
task2_hybrid_spike_localization,task2_hybrid_spike_localization,random,hybrid_localization,H24_D64_embedding_layers2_best_c4,direct_rbf16_plus_full_z_window_context,z_window_summary,2,0.061281438916921616,0.06708524376153946,0.06480419635772705,0.054360020473973404
task2_hybrid_spike_localization,task2_hybrid_spike_localization,random,hybrid_localization,H24_D64_embedding_layers2_best_c4,direct_rbf16_plus_full_z_window_context,z_window_summary,3,0.00012319501547608525,0.00013736356049776077,0.00013605132699012756,0.09449603909394595
task2_hybrid_spike_localization,task2_hybrid_spike_localization,random,hybrid_localization,H24_D64_embedding_layers2_best_c4,direct_rbf16_plus_full_z_window_context,z_window_summary,4,8.226749923778698e-05,9.641669021220878e-05,9.42569604376331e-05,0.12719974359643363
task2_hybrid_spike_localization,task2_hybrid_spike_localization,random,hybrid_localization,H24_D64_embedding_layers2_best_c4,direct_rbf16_plus_full_z_window_context,z_window_summary,5,0.0009062924655154347,0.0010783275356516242,0.001138735213316977,0.2041236145885653
task2_hybrid_spike_localization,task2_hybrid_spike_localization,random,hybrid_localization,H24_D64_embedding_layers2_best_c4,direct_rbf16_plus_full_z_window_context,z_window_summary,6,0.016613945364952087,0.018203381448984146,0.017834700644016266,0.06844831900633863
task2_hybrid_spike_localization,task2_hybrid_spike_localization,random,hybrid_localization,H24_D64_embedding_layers2_best_c4,direct_rbf16_plus_full_z_window_context,z_window_summary,7,0.026438850909471512,0.030405525118112564,0.029228422790765762,0.09544038353569902
task2_hybrid_spike_localization,task2_hybrid_spike_localization,random,hybrid_localization,H24_D64_embedding_layers2_best_c4,direct_rbf16_plus_full_z_window_context,z_window_summary,8,0.06818988174200058,0.07379225641489029,0.06981997936964035,0.023347151379259527
task2_hybrid_spike_localization,task2_hybrid_spike_localization,random,hybrid_localization,H24_D64_embedding_layers2_best_c4,direct_rbf16_plus_full_z_window_context,z_window_summary,9,0.055260587483644485,0.05986994132399559,0.05728527531027794,0.0353439486092544
task2_hybrid_spike_localization,task2_hybrid_spike_localization,random,hybrid_localization,H24_D64_embedding_layers2_best_c4,direct_rbf16_plus_full_z_window_context,z_window_summary,10,0.04108121618628502,0.04709366336464882,0.04457869008183479,0.0784561836413167
task2_hybrid_spike_localization,task2_hybrid_spike_localization,random,hybrid_localization,H24_D64_embedding_layers2_best_c4,direct_rbf16_plus_full_z_window_context,z_window_summary,11,0.030792484059929848,0.033607117831707,0.03243706002831459,0.050700524861044066
task2_hybrid_spike_localization,task2_hybrid_spike_localization,random,hybrid_localization,H24_D64_embedding_layers2_best_c4,direct_rbf16_plus_full_z_window_context,z_window_summary,12,0.06456738710403442,0.06956121325492859,0.06692365556955338,0.035208304828329276
task2_hybrid_spike_localization,task2_hybrid_spike_localization,random,hybrid_localization,H24_D64_embedding_layers2_best_c4,direct_rbf16_plus_full_z_window_context,z_window_summary,13,0.05624477565288544,0.061968207359313965,0.05991169437766075,0.06120539174973821
task2_hybrid_spike_localization,task2_hybrid_spike_localization,random,hybrid_localization,H24_D64_embedding_layers2_best_c4,direct_rbf16_plus_full_z_window_context,z_window_summary,14,0.00018421509594190866,0.00018960123998112977,0.00019654730567708611,0.06274423194301346
task2_hybrid_spike_localization,task2_hybrid_spike_localization,random,hybrid_localization,H24_D64_embedding_layers2_best_c4,direct_rbf16_plus_full_z_window_context,z_window_summary,15,0.06107330322265625,0.06540197879076004,0.06311094015836716,0.032286588198460864
task2_hybrid_spike_localization,task2_hybrid_spike_localization,random,hybrid_localization,H24_D64_embedding_layers2_best_c4,direct_rbf16_plus_full_z_window_context,z_window_summary,16,0.03801067918539047,0.041511330753564835,0.03994114696979523,0.048332807915221765
task2_hybrid_spike_localization,task2_hybrid_spike_localization,random,hybrid_localization,H24_D64_embedding_layers2_best_c4,direct_rbf16_plus_full_z_window_context,z_window_summary,17,0.0006880262517370284,0.0007853907882235944,0.0008053671917878091,0.14569868408756426
task2_hybrid_spike_localization,task2_hybrid_spike_localization,random,hybrid_localization,H24_D64_embedding_layers2_best_c4,direct_rbf16_plus_full_z_window_context,z_window_summary,18,0.02845422551035881,0.033730488270521164,0.031262028962373734,0.08981513821109728
task2_hybrid_spike_localization,task2_hybrid_spike_localization,random,hybrid_localization,H24_D64_embedding_layers2_best_c4,direct_rbf16_plus_full_z_window_context,z_window_summary,19,0.051265694200992584,0.05478055775165558,0.05295992270112038,0.031990766106083285
task2_hybrid_spike_localization,task2_hybrid_spike_localization,random,hybrid_localization,H24_D64_embedding_layers2_best_c4,direct_rbf16_plus_full_z_window_context,z_window_summary,20,0.00015871785581111908,0.00017699414456728846,0.00018243025988340378,0.12998065171556492
task2_hybrid_spike_localization,task2_hybrid_spike_localization,random,hybrid_localization,H24_D64_embedding_layers2_best_c4,direct_rbf16_plus_full_z_window_context,z_window_summary,21,0.015092107467353344,0.019831590354442596,0.017764827236533165,0.15045008508067015
task2_hybrid_spike_localization,task2_hybrid_spike_localization,random,hybrid_localization,H24_D64_embedding_layers2_best_c4,direct_rbf16_plus_full_z_window_context,z_window_summary,22,0.05755343660712242,0.06387221813201904,0.0597664900124073,0.037028331508600555
task2_hybrid_spike_localization,task2_hybrid_spike_localization,random,hybrid_localization,H24_D64_embedding_layers2_best_c4,direct_rbf16_plus_full_z_window_context,z_window_summary,23,0.05620566010475159,0.06344630569219589,0.06079510971903801,0.07549044052221252
task2_hybrid_spike_localization,task2_hybrid_spike_localization,random,hybrid_localization,H24_D64_embedding_layers2_best_c4,direct_rbf16_plus_full_z_window_context,z_window_summary,24,6.085441418690607e-05,6.0867841966683045e-05,6.158438918646425e-05,0.01185324737650598
task2_hybrid_spike_localization,task2_hybrid_spike_localization,random,hybrid_localization,H24_D64_embedding_layers2_best_c4,direct_rbf16_plus_full_z_window_context,z_window_summary,25,0.03144451603293419,0.034931983798742294,0.03330112248659134,0.05575206824949252
task2_hybrid_spike_localization,task2_hybrid_spike_localization,random,hybrid_localization,H24_D64_embedding_layers2_best_c4,direct_rbf16_plus_full_z_window_context,z_window_summary,26,0.003951003309339285,0.00584739726036787,0.00524319801479578,0.2464516315824905
task2_hybrid_spike_localization,task2_hybrid_spike_localization,random,hybrid_localization,H24_D64_embedding_layers2_best_c4,direct_rbf16_plus_full_z_window_context,z_window_summary,27,0.027176473289728165,0.033139877021312714,0.030238721519708633,0.10126910385363326
task2_hybrid_spike_localization,task2_hybrid_spike_localization,random,hybrid_localization,H24_D64_embedding_layers2_best_c4,direct_rbf16_plus_full_z_window_context,z_window_summary,28,0.05641680955886841,0.06226551532745361,0.058711398392915726,0.03908251032774223
task2_hybrid_spike_localization,task2_hybrid_spike_localization,random,hybrid_localization,H24_D64_embedding_layers2_best_c4,direct_rbf16_plus_full_z_window_context,z_window_summary,29,0.0073134503327310085,0.007547345943748951,0.008182927966117859,0.10625507605431697
task2_hybrid_spike_localization,task2_hybrid_spike_localization,random,hybrid_localization,H24_D64_embedding_layers2_best_c4,direct_rbf16_plus_full_z_window_context,z_window_summary,30,0.05909308046102524,0.06471037119626999,0.06257694959640503,0.05567336148293069
task2_hybrid_spike_localization,task2_hybrid_spike_localization,random,hybrid_localization,H24_D64_embedding_layers2_best_c4,direct_rbf16_plus_full_z_window_context,z_window_summary,31,0.04561283811926842,0.0483759306371212,0.046921588480472565,0.027892285909050418
task2_hybrid_spike_localization,task2_hybrid_spike_localization,random,hybrid_localization,H24_D64_embedding_layers2_best_c4,direct_rbf16_plus_full_z_window_context,z_window_summary,32,0.016557903960347176,0.021457994356751442,0.019707586616277695,0.15982082013679974
task2_hybrid_spike_localization,task2_hybrid_spike_localization,random,hybrid_localization,H24_D64_embedding_layers2_best_c4,direct_rbf16_plus_full_z_window_context,z_window_summary,33,0.07470027357339859,0.08432666212320328,0.07833423465490341,0.04639045875043027
task2_hybrid_spike_localization,task2_hybrid_spike_localization,random,hybrid_localization,H24_D64_embedding_layers2_best_c4,direct_rbf16_plus_full_z_window_context,z_window_summary,34,0.008803125470876694,0.010182290337979794,0.009888745844364166,0.1097834235578209
task2_hybrid_spike_localization,task2_hybrid_spike_localization,random,hybrid_localization,H24_D64_embedding_layers2_best_c4,direct_rbf16_plus_full_z_window_context,z_window_summary,35,0.0023353067226707935,0.0036852003540843725,0.0033207510132342577,0.2967534412053637
task2_hybrid_spike_localization,task2_hybrid_spike_localization,random,hybrid_localization,H24_D64_embedding_layers2_best_c4,direct_rbf16_plus_full_z_window_context,z_window_summary,36,0.005161356646567583,0.006075193639844656,0.005871019791811705,0.12087561793504542
task2_hybrid_spike_localization,task2_hybrid_spike_localization,random,hybrid_localization,H24_D64_embedding_layers2_best_c4,direct_rbf16_plus_full_z_window_context,z_window_summary,37,0.05527728050947189,0.05955739691853523,0.05732053145766258,0.035646057289260326
task2_hybrid_spike_localization,task2_hybrid_spike_localization,random,hybrid_localization,H24_D64_embedding_layers2_best_c4,direct_rbf16_plus_full_z_window_context,z_window_summary,38,0.04516615718603134,0.05007756128907204,0.04730835556983948,0.04528160740327768
task2_hybrid_spike_localization,task2_hybrid_spike_localization,random,hybrid_localization,H24_D64_embedding_layers2_best_c4,direct_rbf16_plus_full_z_window_context,z_window_summary,39,0.05070136487483978,0.05521119385957718,0.0529630184173584,0.04270250469292303
task2_hybrid_spike_localization,task2_hybrid_spike_localization,random,hybrid_localization,H24_D64_embedding_layers2_best_c4,direct_rbf16_plus_full_z_window_context,z_window_summary,40,0.00255023967474699,0.003019703086465597,0.0029344812501221895,0.13094020463044356
task2_hybrid_spike_localization,task2_hybrid_spike_localization,random,hybrid_localization,H24_D64_embedding_layers2_best_c4,direct_rbf16_plus_full_z_window_context,z_window_summary,41,1.5375384464277886e-05,1.0699103768274654e-05,1.0897148058575112e-05,-0.4109549013770432
task2_hybrid_spike_localization,task2_hybrid_spike_localization,random,hybrid_localization,H24_D64_embedding_layers2_best_c4,direct_rbf16_plus_full_z_window_context,z_window_summary,42,0.004992432426661253,0.006442565005272627,0.005986836273223162,0.16609838672380242
task2_hybrid_spike_localization,task2_hybrid_spike_localization,random,hybrid_localization,H24_D64_embedding_layers2_best_c4,direct_rbf16_plus_full_z_window_context,z_window_summary,43,0.06499332934617996,0.0702376663684845,0.0668073520064354,0.027153039385256456
task2_hybrid_spike_localization,task2_hybrid_spike_localization,random,hybrid_localization,H24_D64_embedding_layers2_best_c4,direct_rbf16_plus_full_z_window_context,z_window_summary,44,0.061747193336486816,0.069198377430439,0.06595747917890549,0.06383333467003093
task2_hybrid_spike_localization,task2_hybrid_spike_localization,random,hybrid_localization,H24_D64_embedding_layers2_best_c4,direct_rbf16_plus_full_z_window_context,z_window_summary,45,0.06297720968723297,0.0717809721827507,0.06649808585643768,0.05294703033717257
task2_hybrid_spike_localization,task2_hybrid_spike_localization,random,hybrid_localization,H24_D64_embedding_layers2_best_c4,direct_rbf16_plus_full_z_window_context,z_window_summary,46,0.003990264143794775,0.004736556671559811,0.004594901576638222,0.13158876697546565
task2_hybrid_spike_localization,task2_hybrid_spike_localization,random,hybrid_localization,H24_D64_embedding_layers2_best_c4,direct_rbf16_plus_full_z_window_context,z_window_summary,47,1.1941737284359988e-05,1.0356359780416824e-05,1.0466839739819989e-05,-0.14091144807815362
task2_hybrid_spike_localization,task2_hybrid_spike_localization,random,hybrid_localization,H24_D64_embedding_layers2_best_c4,direct_rbf16_plus_full_z_window_context,z_window_summary,48,0.07968350499868393,0.08642955869436264,0.08180112391710281,0.0258874061506157
task2_hybrid_spike_localization,task2_hybrid_spike_localization,random,hybrid_localization,H24_D64_embedding_layers2_best_c4,direct_rbf16_plus_full_z_window_context,z_window_summary,49,0.0005101818242110312,0.0007370478706434369,0.0006890447693876922,0.2595810216157718
task2_hybrid_spike_localization,task2_hybrid_spike_localization,random,hybrid_localization,H24_D64_embedding_layers2_best_c4,direct_rbf16_plus_full_z_window_context,z_window_summary,50,0.07063460350036621,0.0769396722316742,0.07271771132946014,0.028646498782890092
task2_hybrid_spike_localization,task2_hybrid_spike_localization,random,hybrid_localization,H24_D64_embedding_layers2_best_c4,direct_rbf16_plus_full_z_window_context,z_window_summary,51,0.0006547310622408986,0.000994007452391088,0.0009473909740336239,0.30891144185878483
task2_hybrid_spike_localization,task2_hybrid_spike_localization,random,hybrid_localization,H24_D64_embedding_layers2_best_c4,direct_rbf16_plus_full_z_window_context,z_window_summary,52,0.04071062058210373,0.0475587360560894,0.04414205625653267,0.07773619911331418
task2_hybrid_spike_localization,task2_hybrid_spike_localization,random,hybrid_localization,H24_D64_embedding_layers2_best_c4,direct_rbf16_plus_full_z_window_context,z_window_summary,53,0.07819634675979614,0.08473796397447586,0.08021524548530579,0.02516851644965015
task2_hybrid_spike_localization,task2_hybrid_spike_localization,random,hybrid_localization,H24_D64_embedding_layers2_best_c4,direct_rbf16_plus_full_z_window_context,z_window_summary,54,0.00975466426461935,0.012403017841279507,0.011687002144753933,0.1653407654247733
task2_hybrid_spike_localization,task2_hybrid_spike_localization,random,hybrid_localization,H24_D64_embedding_layers2_best_c4,direct_rbf16_plus_full_z_window_context,z_window_summary,55,0.07838641107082367,0.08513239026069641,0.08142761886119843,0.037348602757975774
task2_hybrid_spike_localization,task2_hybrid_spike_localization,random,hybrid_localization,H24_D64_embedding_layers2_best_c4,direct_rbf16_plus_full_z_window_context,z_window_summary,56,0.08134792745113373,0.08710306137800217,0.08399324864149094,0.031494450246212696
task2_hybrid_spike_localization,task2_hybrid_spike_localization,random,hybrid_localization,H24_D64_embedding_layers2_best_c4,direct_rbf16_plus_full_z_window_context,z_window_summary,57,0.07571777701377869,0.08176761120557785,0.07739074528217316,0.021617161875036702
task2_hybrid_spike_localization,task2_hybrid_spike_localization,random,hybrid_localization,H24_D64_embedding_layers2_best_c4,direct_rbf16_plus_full_z_window_context,z_window_summary,58,0.05573660880327225,0.06314820796251297,0.06020812690258026,0.07426768327377385
task2_hybrid_spike_localization,task2_hybrid_spike_localization,random,hybrid_localization,H24_D64_embedding_layers2_best_c4,direct_rbf16_plus_full_z_window_context,z_window_summary,59,0.008623049594461918,0.011290627531707287,0.010634185746312141,0.1891199006513189
task2_hybrid_spike_localization,task2_hybrid_spike_localization,random,hybrid_localization,H24_D64_embedding_layers2_best_c4,direct_rbf16_plus_full_z_window_context,z_window_summary,60,0.01459992490708828,0.017207786440849304,0.01681872457265854,0.1319243713151272
task2_hybrid_spike_localization,task2_hybrid_spike_localization,random,hybrid_localization,H24_D64_embedding_layers2_best_c4,direct_rbf16_plus_full_z_window_context,z_window_summary,61,0.01151108369231224,0.014995945617556572,0.014210578985512257,0.18996377951610294
task2_hybrid_spike_localization,task2_hybrid_spike_localization,random,hybrid_localization,H24_D64_embedding_layers2_best_c4,direct_rbf16_plus_full_z_window_context,z_window_summary,62,0.012475105002522469,0.016663599759340286,0.015125105157494545,0.17520540368996984
task2_hybrid_spike_localization,task2_hybrid_spike_localization,random,hybrid_localization,H24_D64_embedding_layers2_best_c4,direct_rbf16_plus_full_z_window_context,z_window_summary,63,0.06865344196557999,0.07411468029022217,0.07123628258705139,0.036257375141875915
task2_hybrid_spike_localization,task2_hybrid_spike_localization,random,hybrid_localization,H24_D64_embedding_layers2_best_c4,direct_rbf16_plus_full_z_window_context,z_window_summary,64,0.06417520344257355,0.07111573964357376,0.0667773187160492,0.03896705233913888
task2_hybrid_spike_localization,task2_hybrid_spike_localization,random,hybrid_localization,H24_D64_embedding_layers2_best_c4,direct_rbf16_plus_full_z_window_context,z_window_summary,65,0.06204178184270859,0.06796049326658249,0.06556986272335052,0.0538064399421951
task2_hybrid_spike_localization,task2_hybrid_spike_localization,random,hybrid_localization,H24_D64_embedding_layers2_best_c4,direct_rbf16_plus_full_z_window_context,z_window_summary,66,0.05263660475611687,0.060628343373537064,0.05616607144474983,0.06283983547086565
task2_hybrid_spike_localization,task2_hybrid_spike_localization,random,hybrid_localization,H24_D64_embedding_layers2_best_c4,direct_rbf16_plus_full_z_window_context,z_window_summary,67,0.017004264518618584,0.02018035762012005,0.019228490069508553,0.11567343784403641
task2_hybrid_spike_localization,task2_hybrid_spike_localization,random,hybrid_localization,H24_D64_embedding_layers2_best_c4,direct_rbf16_plus_full_z_window_context,z_window_summary,68,0.050056636333465576,0.0568467378616333,0.05336214229464531,0.06194477618473403
task2_hybrid_spike_localization,task2_hybrid_spike_localization,random,hybrid_localization,H24_D64_embedding_layers2_best_c4,direct_rbf16_plus_full_z_window_context,z_window_summary,69,0.025275489315390587,0.02919597364962101,0.027619069442152977,0.08485369616347589
task2_hybrid_spike_localization,task2_hybrid_spike_localization,random,hybrid_localization,H24_D64_embedding_layers2_best_c4,direct_rbf16_plus_full_z_window_context,z_window_summary,70,0.013318479061126709,0.0167179387062788,0.015526644885540009,0.14221783525620324
task2_hybrid_spike_localization,task2_hybrid_spike_localization,random,hybrid_localization,H24_D64_embedding_layers2_best_c4,direct_rbf16_plus_full_z_window_context,z_window_summary,71,0.054012224078178406,0.05859298259019852,0.05613982304930687,0.037898212989731395
task2_hybrid_spike_localization,task2_hybrid_spike_localization,random,hybrid_localization,H24_D64_embedding_layers2_best_c4,direct_rbf16_plus_full_z_window_context,z_window_summary,72,0.052428074181079865,0.05738328397274017,0.055290769785642624,0.051775289359529166
task2_hybrid_spike_localization,task2_hybrid_spike_localization,random,hybrid_localization,H24_D64_embedding_layers2_best_c4,direct_rbf16_plus_full_z_window_context,z_window_summary,73,0.026535723358392715,0.02909730188548565,0.02844202145934105,0.067024001921715
task2_hybrid_spike_localization,task2_hybrid_spike_localization,random,hybrid_localization,H24_D64_embedding_layers2_best_c4,direct_rbf16_plus_full_z_window_context,z_window_summary,74,0.04478733614087105,0.048799727112054825,0.04697239398956299,0.04651791537764603
task2_hybrid_spike_localization,task2_hybrid_spike_localization,random,hybrid_localization,H24_D64_embedding_layers2_best_c4,direct_rbf16_plus_full_z_window_context,z_window_summary,75,0.0015256821643561125,0.0017774925800040364,0.0017454411135986447,0.12590453354765235
task2_hybrid_spike_localization,task2_hybrid_spike_localization,random,hybrid_localization,H24_D64_embedding_layers2_best_c4,direct_rbf16_plus_full_z_window_context,z_window_summary,76,0.030444258823990822,0.03692072629928589,0.03476676717400551,0.1243287398100836
task2_hybrid_spike_localization,task2_hybrid_spike_localization,random,hybrid_localization,H24_D64_embedding_layers2_best_c4,direct_rbf16_plus_full_z_window_context,z_window_summary,77,0.0014147162437438965,0.0021152987610548735,0.0019535566680133343,0.2758253359588542
task2_hybrid_spike_localization,task2_hybrid_spike_localization,random,hybrid_localization,H24_D64_embedding_layers2_best_c4,direct_rbf16_plus_full_z_window_context,z_window_summary,78,0.040182966738939285,0.04570401459932327,0.043391380459070206,0.07394126866180994
task2_hybrid_spike_localization,task2_hybrid_spike_localization,random,hybrid_localization,H24_D64_embedding_layers2_best_c4,direct_rbf16_plus_full_z_window_context,z_window_summary,79,0.009355267509818077,0.0109695540741086,0.010436017997562885,0.10355966116551303
task2_hybrid_spike_localization,task2_hybrid_spike_localization,random,hybrid_localization,H24_D64_embedding_layers2_best_c4,direct_rbf16_plus_full_z_window_context,z_window_summary,80,0.08237501978874207,0.08974546194076538,0.08507987856864929,0.03179199154268572
task2_hybrid_spike_localization,task2_hybrid_spike_localization,random,hybrid_localization,H24_D64_embedding_layers2_best_c4,direct_rbf16_plus_full_z_window_context,z_window_summary,81,0.0004147319996263832,0.0006761668482795358,0.0006309302989393473,0.3426659009345622
task2_hybrid_spike_localization,task2_hybrid_spike_localization,random,hybrid_localization,H24_D64_embedding_layers2_best_c4,direct_rbf16_plus_full_z_window_context,z_window_summary,82,0.026428164914250374,0.030959108844399452,0.029162408784031868,0.09375919149993718
task2_hybrid_spike_localization,task2_hybrid_spike_localization,random,hybrid_localization,H24_D64_embedding_layers2_best_c4,direct_rbf16_plus_full_z_window_context,z_window_summary,83,0.016798553988337517,0.020031150430440903,0.01943839341402054,0.13580543255076608
task2_hybrid_spike_localization,task2_hybrid_spike_localization,random,hybrid_localization,H24_D64_embedding_layers2_best_c4,direct_rbf16_plus_full_z_window_context,z_window_summary,84,0.07846734672784805,0.08856618404388428,0.08255678415298462,0.04953484401183187
task2_hybrid_spike_localization,task2_hybrid_spike_localization,random,hybrid_localization,H24_D64_embedding_layers2_best_c4,direct_rbf16_plus_full_z_window_context,z_window_summary,85,0.05319772660732269,0.05918445065617561,0.05729407072067261,0.07149682439777993
task2_hybrid_spike_localization,task2_hybrid_spike_localization,random,hybrid_localization,H24_D64_embedding_layers2_best_c4,direct_rbf16_plus_full_z_window_context,z_window_summary,86,0.028792506083846092,0.032693978399038315,0.031073972582817078,0.07342049661949449
task2_hybrid_spike_localization,task2_hybrid_spike_localization,random,hybrid_localization,H24_D64_embedding_layers2_best_c4,direct_rbf16_plus_full_z_window_context,z_window_summary,87,0.07367293536663055,0.08099852502346039,0.07678364217281342,0.04051262375886958
task2_hybrid_spike_localization,task2_hybrid_spike_localization,random,hybrid_localization,H24_D64_embedding_layers2_best_c4,direct_rbf16_plus_full_z_window_context,z_window_summary,88,0.006364443805068731,0.007801609579473734,0.007321169599890709,0.13067936506159614
task2_hybrid_spike_localization,task2_hybrid_spike_localization,random,hybrid_localization,H24_D64_embedding_layers2_best_c4,direct_rbf16_plus_full_z_window_context,z_window_summary,89,0.059216175228357315,0.06344285607337952,0.061273422092199326,0.03357486482061391
task2_hybrid_spike_localization,task2_hybrid_spike_localization,random,hybrid_localization,H24_D64_embedding_layers2_best_c4,direct_rbf16_plus_full_z_window_context,z_window_summary,90,0.010008287616074085,0.012542272917926311,0.011899900622665882,0.1589604036683146
task2_hybrid_spike_localization,task2_hybrid_spike_localization,random,hybrid_localization,H24_D64_embedding_layers2_best_c4,direct_rbf16_plus_full_z_window_context,z_window_summary,91,0.03008912317454815,0.03498181700706482,0.032958731055259705,0.08706669792293506
task2_hybrid_spike_localization,task2_hybrid_spike_localization,random,hybrid_localization,H24_D64_embedding_layers2_best_c4,direct_rbf16_plus_full_z_window_context,z_window_summary,92,0.01835343986749649,0.02159949764609337,0.020509760826826096,0.10513632886977443
task2_hybrid_spike_localization,task2_hybrid_spike_localization,random,hybrid_localization,H24_D64_embedding_layers2_best_c4,direct_rbf16_plus_full_z_window_context,z_window_summary,93,0.01749742217361927,0.02160743437707424,0.019804351031780243,0.11648596081027954
task2_hybrid_spike_localization,task2_hybrid_spike_localization,random,hybrid_localization,H24_D64_embedding_layers2_best_c4,direct_rbf16_plus_full_z_window_context,z_window_summary,94,0.067367784678936,0.07406497001647949,0.06994805485010147,0.0368883763343381
task2_hybrid_spike_localization,task2_hybrid_spike_localization,random,hybrid_localization,H24_D64_embedding_layers2_best_c4,direct_rbf16_plus_full_z_window_context,z_window_summary,95,0.04531974345445633,0.050295598804950714,0.047415878623723984,0.04420745180959017
task2_hybrid_spike_localization,task2_hybrid_spike_localization,random,hybrid_localization,H24_D64_embedding_layers2_best_c4,direct_rbf16_plus_full_z_window_context,z_window_summary,96,0.05760897696018219,0.0628746971487999,0.0595780573785305,0.0330504300574575
task2_hybrid_spike_localization,task2_hybrid_spike_localization,random,hybrid_localization,H24_D64_embedding_layers2_best_c4,direct_rbf16_plus_full_z_window_context,z_window_summary,97,0.0044462792575359344,0.006269159261137247,0.005969266872853041,0.2551381346750186
task2_hybrid_spike_localization,task2_hybrid_spike_localization,random,hybrid_localization,H24_D64_embedding_layers2_best_c4,direct_rbf16_plus_full_z_window_context,z_window_summary,98,0.03118147887289524,0.03630862757563591,0.034129559993743896,0.0863791130442072
task2_hybrid_spike_localization,task2_hybrid_spike_localization,random,hybrid_localization,H24_D64_embedding_layers2_best_c4,direct_rbf16_plus_full_z_window_context,z_window_summary,99,0.0710923820734024,0.08080938458442688,0.07460470497608185,0.04707910719311186
task2_hybrid_spike_localization,task2_hybrid_spike_localization,random,hybrid_localization,H24_D64_embedding_layers2_best_c4,direct_rbf16_plus_full_z_window_context,z_window_summary,100,0.0045895143412053585,0.005974613595753908,0.00560207711532712,0.180747739325369
task2_hybrid_spike_localization,task2_hybrid_spike_localization,random,hybrid_localization,H24_D64_embedding_layers2_best_c4,direct_rbf16_plus_full_z_window_context,z_window_summary,101,0.0075984494760632515,0.008526533842086792,0.008300206623971462,0.08454694921467337
task2_hybrid_spike_localization,task2_hybrid_spike_localization,random,hybrid_localization,H24_D64_embedding_layers2_best_c4,direct_rbf16_plus_full_z_window_context,z_window_summary,102,0.07480266690254211,0.08457941561937332,0.07887043058872223,0.05157526915748535
task2_hybrid_spike_localization,task2_hybrid_spike_localization,random,hybrid_localization,H24_D64_embedding_layers2_best_c4,direct_rbf16_plus_full_z_window_context,z_window_summary,103,0.05502017214894295,0.059079959988594055,0.05699380859732628,0.03462896228478964
task2_hybrid_spike_localization,task2_hybrid_spike_localization,random,hybrid_localization,H24_D64_embedding_layers2_best_c4,direct_rbf16_plus_full_z_window_context,z_window_summary,104,0.057196952402591705,0.06466756016016006,0.06160946935415268,0.07162075891607328
task2_hybrid_spike_localization,task2_hybrid_spike_localization,random,hybrid_localization,H24_D64_embedding_layers2_best_c4,direct_rbf16_plus_full_z_window_context,z_window_summary,105,1.2961269021616317e-05,1.0356359780416824e-05,1.0443937753734645e-05,-0.24103277204821535
task2_hybrid_spike_localization,task2_hybrid_spike_localization,random,hybrid_localization,H24_D64_embedding_layers2_best_c4,direct_rbf16_plus_full_z_window_context,z_window_summary,106,0.016693413257598877,0.020607003942131996,0.019665228202939034,0.1511202877826767
task2_hybrid_spike_localization,task2_hybrid_spike_localization,random,hybrid_localization,H24_D64_embedding_layers2_best_c4,direct_rbf16_plus_full_z_window_context,z_window_summary,107,0.05425595864653587,0.05999385192990303,0.05680900812149048,0.04494092678919354
task2_hybrid_spike_localization,task2_hybrid_spike_localization,random,hybrid_localization,H24_D64_embedding_layers2_best_c4,direct_rbf16_plus_full_z_window_context,z_window_summary,108,5.372992382035591e-05,5.949688420514576e-05,5.984088420518674e-05,0.10212015524164267
task2_hybrid_spike_localization,task2_hybrid_spike_localization,random,hybrid_localization,H24_D64_embedding_layers2_best_c4,direct_rbf16_plus_full_z_window_context,z_window_summary,109,0.01804073341190815,0.019344080239534378,0.01925003156065941,0.0628205800567443
task2_hybrid_spike_localization,task2_hybrid_spike_localization,random,hybrid_localization,H24_D64_embedding_layers2_best_c4,direct_rbf16_plus_full_z_window_context,z_window_summary,110,0.03983434662222862,0.043498530983924866,0.042058754712343216,0.052888111056264446
task2_hybrid_spike_localization,task2_hybrid_spike_localization,random,hybrid_localization,H24_D64_embedding_layers2_best_c4,direct_rbf16_plus_full_z_window_context,z_window_summary,111,0.00010197923984378576,0.0001235517702298239,0.00011727719538612291,0.13044271302677582
task2_hybrid_spike_localization,task2_hybrid_spike_localization,random,hybrid_localization,H24_D64_embedding_layers2_best_c4,direct_rbf16_plus_full_z_window_context,z_window_summary,112,0.05911565199494362,0.0669349655508995,0.0625109151005745,0.054314724079277975
task2_hybrid_spike_localization,task2_hybrid_spike_localization,random,hybrid_localization,H24_D64_embedding_layers2_best_c4,direct_rbf16_plus_full_z_window_context,z_window_summary,113,0.054603248834609985,0.05872813239693642,0.056466519832611084,0.03299780123734498
task2_hybrid_spike_localization,task2_hybrid_spike_localization,random,hybrid_localization,H24_D64_embedding_layers2_best_c4,direct_rbf16_plus_full_z_window_context,z_window_summary,114,0.04978639632463455,0.05444802716374397,0.05197172984480858,0.04204850457546042
task2_hybrid_spike_localization,task2_hybrid_spike_localization,random,hybrid_localization,H24_D64_embedding_layers2_best_c4,direct_rbf16_plus_full_z_window_context,z_window_summary,115,0.029408259317278862,0.035466600209474564,0.03328622877597809,0.11650371944501771
task2_hybrid_spike_localization,task2_hybrid_spike_localization,random,hybrid_localization,H24_D64_embedding_layers2_best_c4,direct_rbf16_plus_full_z_window_context,z_window_summary,116,0.015035932883620262,0.01993948593735695,0.018412195146083832,0.18337097970535476
task2_hybrid_spike_localization,task2_hybrid_spike_localization,random,hybrid_localization,H24_D64_embedding_layers2_best_c4,direct_rbf16_plus_full_z_window_context,z_window_summary,117,0.06125984340906143,0.0673612728714943,0.06396157294511795,0.04223988578853009
task2_hybrid_spike_localization,task2_hybrid_spike_localization,random,hybrid_localization,H24_D64_embedding_layers2_best_c4,direct_rbf16_plus_full_z_window_context,z_window_summary,118,0.03428623080253601,0.0383278988301754,0.036412402987480164,0.05839142738465253
task2_hybrid_spike_localization,task2_hybrid_spike_localization,random,hybrid_localization,H24_D64_embedding_layers2_best_c4,direct_rbf16_plus_full_z_window_context,z_window_summary,119,0.024519553408026695,0.02806278131902218,0.026904182508587837,0.08863414079948224
task2_hybrid_spike_localization,task2_hybrid_spike_localization,random,hybrid_localization,H24_D64_embedding_layers2_best_c4,direct_rbf16_plus_full_z_window_context,z_window_summary,120,3.139702312182635e-05,2.9749291570624337e-05,3.024583202204667e-05,-0.038061148357253285
task2_hybrid_spike_localization,task2_hybrid_spike_localization,random,hybrid_localization,H24_D64_embedding_layers2_best_c4,direct_rbf16_plus_full_z_window_context,z_window_summary,121,0.0076813711784780025,0.009869086556136608,0.009525288827717304,0.1935812847872655
task2_hybrid_spike_localization,task2_hybrid_spike_localization,random,hybrid_localization,H24_D64_embedding_layers2_best_c4,direct_rbf16_plus_full_z_window_context,z_window_summary,122,0.03575291857123375,0.03938920795917511,0.03814946487545967,0.06281991928457017
task2_hybrid_spike_localization,task2_hybrid_spike_localization,random,hybrid_localization,H24_D64_embedding_layers2_best_c4,direct_rbf16_plus_full_z_window_context,z_window_summary,123,0.03346429392695427,0.03706086426973343,0.035733889788389206,0.06351382049016065
task2_hybrid_spike_localization,task2_hybrid_spike_localization,random,hybrid_localization,H24_D64_embedding_layers2_best_c4,direct_rbf16_plus_full_z_window_context,z_window_summary,124,0.06294036656618118,0.06928025186061859,0.06610938906669617,0.047936042750566545
task2_hybrid_spike_localization,task2_hybrid_spike_localization,random,hybrid_localization,H24_D64_embedding_layers2_best_c4,direct_rbf16_plus_full_z_window_context,z_window_summary,125,0.0566871240735054,0.06449056416749954,0.05995028465986252,0.0544311107924037
task2_hybrid_spike_localization,task2_hybrid_spike_localization,random,hybrid_localization,H24_D64_embedding_layers2_best_c4,direct_rbf16_plus_full_z_window_context,z_window_summary,126,0.0006608642288483679,0.0008430371526628733,0.0008421255624853075,0.21524264517276423
task2_hybrid_spike_localization,task2_hybrid_spike_localization,random,hybrid_localization,H24_D64_embedding_layers2_best_c4,direct_rbf16_plus_full_z_window_context,z_window_summary,127,0.017442792654037476,0.021407082676887512,0.020361987873911858,0.14336494245802528
task2_hybrid_spike_localization,task2_hybrid_spike_localization,random,hybrid_localization,H24_D64_embedding_layers2_best_c4,direct_rbf16_plus_full_z_window_context,z_window_summary,128,0.06026716157793999,0.06639973074197769,0.06272517889738083,0.0391870914144731
task2_hybrid_spike_localization,task2_hybrid_spike_localization,random,hybrid_localization,H24_D64_embedding_layers2_best_c4,direct_rbf16_plus_full_z_window_context,z_window_summary,129,0.0018103760667145252,0.0023207732010632753,0.0021867670584470034,0.17212212442956007
task2_hybrid_spike_localization,task2_hybrid_spike_localization,random,hybrid_localization,H24_D64_embedding_layers2_best_c4,direct_rbf16_plus_full_z_window_context,z_window_summary,130,0.05988258868455887,0.06541430205106735,0.06269241124391556,0.044819181518231825
task2_hybrid_spike_localization,task2_hybrid_spike_localization,random,hybrid_localization,H24_D64_embedding_layers2_best_c4,direct_rbf16_plus_full_z_window_context,z_window_summary,131,0.000660210382193327,0.0007845461368560791,0.0007621632539667189,0.13376776070319954
task2_hybrid_spike_localization,task2_hybrid_spike_localization,random,hybrid_localization,H24_D64_embedding_layers2_best_c4,direct_rbf16_plus_full_z_window_context,z_window_summary,132,0.042479757219552994,0.048599280416965485,0.045757606625556946,0.07163507114406588
task2_hybrid_spike_localization,task2_hybrid_spike_localization,random,hybrid_localization,H24_D64_embedding_layers2_best_c4,direct_rbf16_plus_full_z_window_context,z_window_summary,133,0.01241841446608305,0.01682012528181076,0.014754782430827618,0.15834648702532697
task2_hybrid_spike_localization,task2_hybrid_spike_localization,random,hybrid_localization,H24_D64_embedding_layers2_best_c4,direct_rbf16_plus_full_z_window_context,z_window_summary,134,0.07772832363843918,0.08721736818552017,0.0816812515258789,0.048394555832525776
task2_hybrid_spike_localization,task2_hybrid_spike_localization,random,hybrid_localization,H24_D64_embedding_layers2_best_c4,direct_rbf16_plus_full_z_window_context,z_window_summary,135,0.027477847412228584,0.0336230993270874,0.03178495168685913,0.13550765522828323
task2_hybrid_spike_localization,task2_hybrid_spike_localization,random,hybrid_localization,H24_D64_embedding_layers2_best_c4,direct_rbf16_plus_full_z_window_context,z_window_summary,136,0.007287562824785709,0.008969305083155632,0.008365174755454063,0.12882120961857432
task2_hybrid_spike_localization,task2_hybrid_spike_localization,random,hybrid_localization,H24_D64_embedding_layers2_best_c4,direct_rbf16_plus_full_z_window_context,z_window_summary,137,0.0016674217768013477,0.002417221898213029,0.0022467353846877813,0.25784683493865845
task2_hybrid_spike_localization,task2_hybrid_spike_localization,random,hybrid_localization,H24_D64_embedding_layers2_best_c4,direct_rbf16_plus_full_z_window_context,z_window_summary,138,0.005066692363470793,0.006463969592005014,0.006059124134480953,0.1637912921048243
task2_hybrid_spike_localization,task2_hybrid_spike_localization,random,hybrid_localization,H24_D64_embedding_layers2_best_c4,direct_rbf16_plus_full_z_window_context,z_window_summary,139,0.0505475252866745,0.05530611425638199,0.052835188806056976,0.043298104370930554
task2_hybrid_spike_localization,task2_hybrid_spike_localization,random,hybrid_localization,H24_D64_embedding_layers2_best_c4,direct_rbf16_plus_full_z_window_context,z_window_summary,140,0.005829479545354843,0.006992815528064966,0.006725799757987261,0.1332659676000594
task2_hybrid_spike_localization,task2_hybrid_spike_localization,random,hybrid_localization,H24_D64_embedding_layers2_best_c4,direct_rbf16_plus_full_z_window_context,z_window_summary,141,0.054605867713689804,0.05880578234791756,0.05660441145300865,0.035307208184259295
task2_hybrid_spike_localization,task2_hybrid_spike_localization,random,hybrid_localization,H24_D64_embedding_layers2_best_c4,direct_rbf16_plus_full_z_window_context,z_window_summary,142,0.06025904044508934,0.06675296276807785,0.06344236433506012,0.05017662761051263
task2_hybrid_spike_localization,task2_hybrid_spike_localization,random,hybrid_localization,H24_D64_embedding_layers2_best_c4,direct_rbf16_plus_full_z_window_context,z_window_summary,143,0.0026303057093173265,0.0040467483922839165,0.003660446498543024,0.28142489984096936
task2_hybrid_spike_localization,task2_hybrid_spike_localization,random,hybrid_localization,H24_D64_embedding_layers2_best_c4,direct_rbf16_plus_full_z_window_context,z_window_summary,144,0.019489731639623642,0.024216698482632637,0.021800460293889046,0.10599448924998758
task2_hybrid_spike_localization,task2_hybrid_spike_localization,random,hybrid_localization,H24_D64_embedding_layers2_best_c4,direct_rbf16_plus_full_z_window_context,z_window_summary,145,0.06127657741308212,0.06748858839273453,0.06364727765321732,0.03724747275212573
task2_hybrid_spike_localization,task2_hybrid_spike_localization,random,hybrid_localization,H24_D64_embedding_layers2_best_c4,direct_rbf16_plus_full_z_window_context,z_window_summary,146,0.034413956105709076,0.04311571270227432,0.03604334220290184,0.04520629879494313
task2_hybrid_spike_localization,task2_hybrid_spike_localization,random,hybrid_localization,H24_D64_embedding_layers2_best_c4,direct_rbf16_plus_full_z_window_context,z_window_summary,147,0.0007309006177820265,0.0009192932047881186,0.0009093073895201087,0.19620072793231913
task2_hybrid_spike_localization,task2_hybrid_spike_localization,random,hybrid_localization,H24_D64_embedding_layers2_best_c4,direct_rbf16_plus_full_z_window_context,z_window_summary,148,7.116307824617252e-05,7.564858969999477e-05,7.599256787216291e-05,0.0635521309677903
task2_hybrid_spike_localization,task2_hybrid_spike_localization,random,hybrid_localization,H24_D64_embedding_layers2_best_c4,direct_rbf16_plus_full_z_window_context,z_window_summary,149,0.05239228159189224,0.058487556874752045,0.05654243007302284,0.07339883474712368
task2_hybrid_spike_localization,task2_hybrid_spike_localization,random,hybrid_localization,H24_D64_embedding_layers2_best_c4,direct_rbf16_plus_full_z_window_context,z_window_summary,150,0.062278278172016144,0.06674762070178986,0.0643191859126091,0.031730932405860224
task2_hybrid_spike_localization,task2_hybrid_spike_localization,random,hybrid_localization,H24_D64_embedding_layers2_best_c4,direct_rbf16_plus_full_z_window_context,z_window_summary,151,0.020514290779829025,0.02573585882782936,0.024258332327008247,0.15434043431793362
task2_hybrid_spike_localization,task2_hybrid_spike_localization,random,hybrid_localization,H24_D64_embedding_layers2_best_c4,direct_rbf16_plus_full_z_window_context,z_window_summary,152,0.047937095165252686,0.053086087107658386,0.051349468529224396,0.06645391786342705
task2_hybrid_spike_localization,task2_hybrid_spike_localization,random,hybrid_localization,H24_D64_embedding_layers2_best_c4,direct_rbf16_plus_full_z_window_context,z_window_summary,153,0.05618390440940857,0.06268151104450226,0.06047825887799263,0.07100658233642915
task2_hybrid_spike_localization,task2_hybrid_spike_localization,random,hybrid_localization,H24_D64_embedding_layers2_best_c4,direct_rbf16_plus_full_z_window_context,z_window_summary,154,0.06296627968549728,0.07116519659757614,0.06652238965034485,0.053457339454267935
task2_hybrid_spike_localization,task2_hybrid_spike_localization,random,hybrid_localization,H24_D64_embedding_layers2_best_c4,direct_rbf16_plus_full_z_window_context,z_window_summary,155,0.0038163901772350073,0.005743587855249643,0.005068680737167597,0.24706439897660146
task2_hybrid_spike_localization,task2_hybrid_spike_localization,random,hybrid_localization,H24_D64_embedding_layers2_best_c4,direct_rbf16_plus_full_z_window_context,z_window_summary,156,0.03350743651390076,0.03796432167291641,0.03673354908823967,0.0878246903556553
task2_hybrid_spike_localization,task2_hybrid_spike_localization,random,hybrid_localization,H24_D64_embedding_layers2_best_c4,direct_rbf16_plus_full_z_window_context,z_window_summary,157,0.05577026680111885,0.06167375296354294,0.058235492557287216,0.04233201520092377
task2_hybrid_spike_localization,task2_hybrid_spike_localization,random,hybrid_localization,H24_D64_embedding_layers2_best_c4,direct_rbf16_plus_full_z_window_context,z_window_summary,158,0.05132371932268143,0.0566253587603569,0.05372476577758789,0.044691613265405744
task2_hybrid_spike_localization,task2_hybrid_spike_localization,random,hybrid_localization,H24_D64_embedding_layers2_best_c4,direct_rbf16_plus_full_z_window_context,z_window_summary,159,0.014623601920902729,0.019179826602339745,0.017822759225964546,0.17949843032167667
