variant,base_variant,split_id,deploy_context_mode,use_z_gru_state,epoch,train_loss,train_bce,val_loss,val_bce,validation_performed,lr,residual_scale,context_dim,batch_size,aux_count_weight,aux_psth_weight,dropout,weight_decay,use_pattern_embedding,use_bit_features,current_bit_feature_mode,current_bit_encoder,use_prev_pattern_context,use_prev_pattern_bit_context,z_history_len,z_gru_hidden_dim,z_gru_layers,z_history_pattern_mode,use_frequency_features,use_rbf_features,use_frequency_film,freq_rbf_dim,experiment_group,history_strategy,freq_strategy
task2_best_C4_bits_H24_GRU2_freqRBF16,task2_best_C4_bits_H24_GRU2_freqRBF16,random,z_window_summary,True,1,0.0375513748689131,0.0375436640244564,0.0361436364267075,0.0361372234995919,True,0.0008,0.2130701690912246,28,1024,0.03,0.03,0.12,0.0001,False,True,single,linear,True,False,24,64,2,embedding,True,True,False,16,single_best,H24_D64_embedding_layers2,direct_rbf16_plus_context
task2_best_C4_bits_H24_GRU2_freqRBF16,task2_best_C4_bits_H24_GRU2_freqRBF16,random,z_window_summary,True,2,0.0364131622573899,0.0364067635956414,0.0357465387586458,0.0357403775323788,True,0.0008,0.2188197076320648,28,1024,0.03,0.03,0.12,0.0001,False,True,single,linear,True,False,24,64,2,embedding,True,True,False,16,single_best,H24_D64_embedding_layers2,direct_rbf16_plus_context
task2_best_C4_bits_H24_GRU2_freqRBF16,task2_best_C4_bits_H24_GRU2_freqRBF16,random,z_window_summary,True,3,0.0361214397275131,0.0361152916316053,,,False,0.0008,0.2205071896314621,28,1024,0.03,0.03,0.12,0.0001,False,True,single,linear,True,False,24,64,2,embedding,True,True,False,16,single_best,H24_D64_embedding_layers2,direct_rbf16_plus_context
task2_best_C4_bits_H24_GRU2_freqRBF16,task2_best_C4_bits_H24_GRU2_freqRBF16,random,z_window_summary,True,4,0.0359919625302735,0.0359859084086809,0.03544281633899,0.0354369107897233,True,0.0008,0.2227185219526291,28,1024,0.03,0.03,0.12,0.0001,False,True,single,linear,True,False,24,64,2,embedding,True,True,False,16,single_best,H24_D64_embedding_layers2,direct_rbf16_plus_context
task2_best_C4_bits_H24_GRU2_freqRBF16,task2_best_C4_bits_H24_GRU2_freqRBF16,random,z_window_summary,True,5,0.0358643732650022,0.0358583658741312,,,False,0.0008,0.2250811904668808,28,1024,0.03,0.03,0.12,0.0001,False,True,single,linear,True,False,24,64,2,embedding,True,True,False,16,single_best,H24_D64_embedding_layers2,direct_rbf16_plus_context
task2_best_C4_bits_H24_GRU2_freqRBF16,task2_best_C4_bits_H24_GRU2_freqRBF16,random,z_window_summary,True,6,0.0357127918037099,0.0357068283484082,0.0352362888797231,0.0352303149908212,True,0.0008,0.2281863242387771,28,1024,0.03,0.03,0.12,0.0001,False,True,single,linear,True,False,24,64,2,embedding,True,True,False,16,single_best,H24_D64_embedding_layers2,direct_rbf16_plus_context
task2_best_C4_bits_H24_GRU2_freqRBF16,task2_best_C4_bits_H24_GRU2_freqRBF16,random,z_window_summary,True,7,0.0356094052238139,0.0356034464264491,,,False,0.0008,0.2308338582515716,28,1024,0.03,0.03,0.12,0.0001,False,True,single,linear,True,False,24,64,2,embedding,True,True,False,16,single_best,H24_D64_embedding_layers2,direct_rbf16_plus_context
task2_best_C4_bits_H24_GRU2_freqRBF16,task2_best_C4_bits_H24_GRU2_freqRBF16,random,z_window_summary,True,8,0.035489442895748,0.0354835591022882,0.0349679547085036,0.0349621638262646,True,0.0008,0.2338082492351532,28,1024,0.03,0.03,0.12,0.0001,False,True,single,linear,True,False,24,64,2,embedding,True,True,False,16,single_best,H24_D64_embedding_layers2,direct_rbf16_plus_context
task2_best_C4_bits_H24_GRU2_freqRBF16,task2_best_C4_bits_H24_GRU2_freqRBF16,random,z_window_summary,True,9,0.0354052503689081,0.0353994052092033,,,False,0.0008,0.2366688549518585,28,1024,0.03,0.03,0.12,0.0001,False,True,single,linear,True,False,24,64,2,embedding,True,True,False,16,single_best,H24_D64_embedding_layers2,direct_rbf16_plus_context
task2_best_C4_bits_H24_GRU2_freqRBF16,task2_best_C4_bits_H24_GRU2_freqRBF16,random,z_window_summary,True,10,0.0353385396332407,0.0353327168498064,0.0348607114343731,0.034854961741887,True,0.0008,0.2382779270410537,28,1024,0.03,0.03,0.12,0.0001,False,True,single,linear,True,False,24,64,2,embedding,True,True,False,16,single_best,H24_D64_embedding_layers2,direct_rbf16_plus_context
task2_best_C4_bits_H24_GRU2_freqRBF16,task2_best_C4_bits_H24_GRU2_freqRBF16,random,z_window_summary,True,11,0.0352986794744164,0.0352928606688062,,,False,0.0008,0.2403425872325897,28,1024,0.03,0.03,0.12,0.0001,False,True,single,linear,True,False,24,64,2,embedding,True,True,False,16,single_best,H24_D64_embedding_layers2,direct_rbf16_plus_context
task2_best_C4_bits_H24_GRU2_freqRBF16,task2_best_C4_bits_H24_GRU2_freqRBF16,random,z_window_summary,True,12,0.0352313368489601,0.0352255531073486,0.0347903983669583,0.0347846547127037,True,0.0008,0.2429331839084625,28,1024,0.03,0.03,0.12,0.0001,False,True,single,linear,True,False,24,64,2,embedding,True,True,False,16,single_best,H24_D64_embedding_layers2,direct_rbf16_plus_context
task2_best_C4_bits_H24_GRU2_freqRBF16,task2_best_C4_bits_H24_GRU2_freqRBF16,random,z_window_summary,True,13,0.0351641055337284,0.035158364471986,,,False,0.0008,0.2447134554386139,28,1024,0.03,0.03,0.12,0.0001,False,True,single,linear,True,False,24,64,2,embedding,True,True,False,16,single_best,H24_D64_embedding_layers2,direct_rbf16_plus_context
task2_best_C4_bits_H24_GRU2_freqRBF16,task2_best_C4_bits_H24_GRU2_freqRBF16,random,z_window_summary,True,14,0.0351121295321547,0.0351064072252211,0.0346929117008692,0.0346872376263409,True,0.0008,0.2466909736394882,28,1024,0.03,0.03,0.12,0.0001,False,True,single,linear,True,False,24,64,2,embedding,True,True,False,16,single_best,H24_D64_embedding_layers2,direct_rbf16_plus_context
task2_best_C4_bits_H24_GRU2_freqRBF16,task2_best_C4_bits_H24_GRU2_freqRBF16,random,z_window_summary,True,15,0.0350800775702285,0.0350743722966379,,,False,0.0008,0.2479162067174911,28,1024,0.03,0.03,0.12,0.0001,False,True,single,linear,True,False,24,64,2,embedding,True,True,False,16,single_best,H24_D64_embedding_layers2,direct_rbf16_plus_context
task2_best_C4_bits_H24_GRU2_freqRBF16,task2_best_C4_bits_H24_GRU2_freqRBF16,random,z_window_summary,True,16,0.0350364269629494,0.0350307437537249,0.034656734441801,0.0346510546292386,True,0.0008,0.2495108097791671,28,1024,0.03,0.03,0.12,0.0001,False,True,single,linear,True,False,24,64,2,embedding,True,True,False,16,single_best,H24_D64_embedding_layers2,direct_rbf16_plus_context
task2_best_C4_bits_H24_GRU2_freqRBF16,task2_best_C4_bits_H24_GRU2_freqRBF16,random,z_window_summary,True,17,0.0349997599652051,0.034994103464347,,,False,0.0008,0.2509334981441498,28,1024,0.03,0.03,0.12,0.0001,False,True,single,linear,True,False,24,64,2,embedding,True,True,False,16,single_best,H24_D64_embedding_layers2,direct_rbf16_plus_context
task2_best_C4_bits_H24_GRU2_freqRBF16,task2_best_C4_bits_H24_GRU2_freqRBF16,random,z_window_summary,True,18,0.0349723051571462,0.0349666621492812,0.0346138676743448,0.0346082368073305,True,0.0008,0.2527113556861877,28,1024,0.03,0.03,0.12,0.0001,False,True,single,linear,True,False,24,64,2,embedding,True,True,False,16,single_best,H24_D64_embedding_layers2,direct_rbf16_plus_context
task2_best_C4_bits_H24_GRU2_freqRBF16,task2_best_C4_bits_H24_GRU2_freqRBF16,random,z_window_summary,True,19,0.0349325287993753,0.0349269143827301,,,False,0.0008,0.2541099786758423,28,1024,0.03,0.03,0.12,0.0001,False,True,single,linear,True,False,24,64,2,embedding,True,True,False,16,single_best,H24_D64_embedding_layers2,direct_rbf16_plus_context
task2_best_C4_bits_H24_GRU2_freqRBF16,task2_best_C4_bits_H24_GRU2_freqRBF16,random,z_window_summary,True,20,0.0348937917273565,0.0348882023112697,0.0345436203827627,0.0345380277085451,True,0.0008,0.2555119395256042,28,1024,0.03,0.03,0.12,0.0001,False,True,single,linear,True,False,24,64,2,embedding,True,True,False,16,single_best,H24_D64_embedding_layers2,direct_rbf16_plus_context
task2_best_C4_bits_H24_GRU2_freqRBF16,task2_best_C4_bits_H24_GRU2_freqRBF16,random,z_window_summary,True,21,0.0348691837627299,0.0348636094838927,,,False,0.0008,0.2568976283073425,28,1024,0.03,0.03,0.12,0.0001,False,True,single,linear,True,False,24,64,2,embedding,True,True,False,16,single_best,H24_D64_embedding_layers2,direct_rbf16_plus_context
task2_best_C4_bits_H24_GRU2_freqRBF16,task2_best_C4_bits_H24_GRU2_freqRBF16,random,z_window_summary,True,22,0.034820750085069,0.0348152185398966,0.0345255155463344,0.0345199408538547,True,0.0008,0.2585479319095611,28,1024,0.03,0.03,0.12,0.0001,False,True,single,linear,True,False,24,64,2,embedding,True,True,False,16,single_best,H24_D64_embedding_layers2,direct_rbf16_plus_context
task2_best_C4_bits_H24_GRU2_freqRBF16,task2_best_C4_bits_H24_GRU2_freqRBF16,random,z_window_summary,True,23,0.0348151704029581,0.0348096378203349,,,False,0.0008,0.2600589394569397,28,1024,0.03,0.03,0.12,0.0001,False,True,single,linear,True,False,24,64,2,embedding,True,True,False,16,single_best,H24_D64_embedding_layers2,direct_rbf16_plus_context
task2_best_C4_bits_H24_GRU2_freqRBF16,task2_best_C4_bits_H24_GRU2_freqRBF16,random,z_window_summary,True,24,0.0347920427608258,0.03478652093625,0.0345145481311445,0.0345089203003881,True,0.0008,0.2608194053173065,28,1024,0.03,0.03,0.12,0.0001,False,True,single,linear,True,False,24,64,2,embedding,True,True,False,16,single_best,H24_D64_embedding_layers2,direct_rbf16_plus_context
task2_best_C4_bits_H24_GRU2_freqRBF16,task2_best_C4_bits_H24_GRU2_freqRBF16,random,z_window_summary,True,25,0.0347600593622195,0.0347545543866036,,,False,0.0008,0.2628511786460876,28,1024,0.03,0.03,0.12,0.0001,False,True,single,linear,True,False,24,64,2,embedding,True,True,False,16,single_best,H24_D64_embedding_layers2,direct_rbf16_plus_context
task2_best_C4_bits_H24_GRU2_freqRBF16,task2_best_C4_bits_H24_GRU2_freqRBF16,random,z_window_summary,True,26,0.0347386821814569,0.0347331917973279,0.0344635797386485,0.034458061525918,True,0.0008,0.2648556232452392,28,1024,0.03,0.03,0.12,0.0001,False,True,single,linear,True,False,24,64,2,embedding,True,True,False,16,single_best,H24_D64_embedding_layers2,direct_rbf16_plus_context
task2_best_C4_bits_H24_GRU2_freqRBF16,task2_best_C4_bits_H24_GRU2_freqRBF16,random,z_window_summary,True,27,0.0346845232139822,0.0346790826127206,,,False,0.0008,0.2667332589626312,28,1024,0.03,0.03,0.12,0.0001,False,True,single,linear,True,False,24,64,2,embedding,True,True,False,16,single_best,H24_D64_embedding_layers2,direct_rbf16_plus_context
task2_best_C4_bits_H24_GRU2_freqRBF16,task2_best_C4_bits_H24_GRU2_freqRBF16,random,z_window_summary,True,28,0.0346464139226443,0.0346409972566167,0.0345314437634281,0.0345257634441258,True,0.0008,0.2686349749565124,28,1024,0.03,0.03,0.12,0.0001,False,True,single,linear,True,False,24,64,2,embedding,True,True,False,16,single_best,H24_D64_embedding_layers2,direct_rbf16_plus_context
task2_best_C4_bits_H24_GRU2_freqRBF16,task2_best_C4_bits_H24_GRU2_freqRBF16,random,z_window_summary,True,29,0.0346389201579471,0.0346335057410304,,,False,0.0008,0.2701025903224945,28,1024,0.03,0.03,0.12,0.0001,False,True,single,linear,True,False,24,64,2,embedding,True,True,False,16,single_best,H24_D64_embedding_layers2,direct_rbf16_plus_context
task2_best_C4_bits_H24_GRU2_freqRBF16,task2_best_C4_bits_H24_GRU2_freqRBF16,random,z_window_summary,True,30,0.034589801864748,0.0345844207390769,0.034386886569319,0.0343814200825161,True,0.0008,0.2722554504871368,28,1024,0.03,0.03,0.12,0.0001,False,True,single,linear,True,False,24,64,2,embedding,True,True,False,16,single_best,H24_D64_embedding_layers2,direct_rbf16_plus_context
task2_best_C4_bits_H24_GRU2_freqRBF16,task2_best_C4_bits_H24_GRU2_freqRBF16,random,z_window_summary,True,31,0.0345535764667901,0.0345482208328081,,,False,0.0008,0.2738829553127289,28,1024,0.03,0.03,0.12,0.0001,False,True,single,linear,True,False,24,64,2,embedding,True,True,False,16,single_best,H24_D64_embedding_layers2,direct_rbf16_plus_context
task2_best_C4_bits_H24_GRU2_freqRBF16,task2_best_C4_bits_H24_GRU2_freqRBF16,random,z_window_summary,True,32,0.0345280103809125,0.0345226645062712,0.0343358966964061,0.034330465149565,True,0.0008,0.2755810916423797,28,1024,0.03,0.03,0.12,0.0001,False,True,single,linear,True,False,24,64,2,embedding,True,True,False,16,single_best,H24_D64_embedding_layers2,direct_rbf16_plus_context
task2_best_C4_bits_H24_GRU2_freqRBF16,task2_best_C4_bits_H24_GRU2_freqRBF16,random,z_window_summary,True,33,0.0344792378002278,0.0344739270573178,,,False,0.0008,0.2774558961391449,28,1024,0.03,0.03,0.12,0.0001,False,True,single,linear,True,False,24,64,2,embedding,True,True,False,16,single_best,H24_D64_embedding_layers2,direct_rbf16_plus_context
task2_best_C4_bits_H24_GRU2_freqRBF16,task2_best_C4_bits_H24_GRU2_freqRBF16,random,z_window_summary,True,34,0.0344662543164626,0.0344609354654368,0.034327793891482,0.0343223347716393,True,0.0008,0.2790595293045044,28,1024,0.03,0.03,0.12,0.0001,False,True,single,linear,True,False,24,64,2,embedding,True,True,False,16,single_best,H24_D64_embedding_layers2,direct_rbf16_plus_context
task2_best_C4_bits_H24_GRU2_freqRBF16,task2_best_C4_bits_H24_GRU2_freqRBF16,random,z_window_summary,True,35,0.0344384969356708,0.0344331900504502,,,False,0.0008,0.2805761694908142,28,1024,0.03,0.03,0.12,0.0001,False,True,single,linear,True,False,24,64,2,embedding,True,True,False,16,single_best,H24_D64_embedding_layers2,direct_rbf16_plus_context
task2_best_C4_bits_H24_GRU2_freqRBF16,task2_best_C4_bits_H24_GRU2_freqRBF16,random,z_window_summary,True,36,0.0344142948091587,0.0344090026918641,0.0343383138980528,0.0343327886185595,True,0.0008,0.2820631563663482,28,1024,0.03,0.03,0.12,0.0001,False,True,single,linear,True,False,24,64,2,embedding,True,True,False,16,single_best,H24_D64_embedding_layers2,direct_rbf16_plus_context
task2_best_C4_bits_H24_GRU2_freqRBF16,task2_best_C4_bits_H24_GRU2_freqRBF16,random,z_window_summary,True,37,0.0343835095110186,0.034378230897309,,,False,0.0008,0.2840478122234344,28,1024,0.03,0.03,0.12,0.0001,False,True,single,linear,True,False,24,64,2,embedding,True,True,False,16,single_best,H24_D64_embedding_layers2,direct_rbf16_plus_context
task2_best_C4_bits_H24_GRU2_freqRBF16,task2_best_C4_bits_H24_GRU2_freqRBF16,random,z_window_summary,True,38,0.0343500031298392,0.0343447495557108,0.0342450464673248,0.0342396625766047,True,0.0008,0.2855090200901031,28,1024,0.03,0.03,0.12,0.0001,False,True,single,linear,True,False,24,64,2,embedding,True,True,False,16,single_best,H24_D64_embedding_layers2,direct_rbf16_plus_context
task2_best_C4_bits_H24_GRU2_freqRBF16,task2_best_C4_bits_H24_GRU2_freqRBF16,random,z_window_summary,True,39,0.0343163871239442,0.0343111538241474,,,False,0.0008,0.287141889333725,28,1024,0.03,0.03,0.12,0.0001,False,True,single,linear,True,False,24,64,2,embedding,True,True,False,16,single_best,H24_D64_embedding_layers2,direct_rbf16_plus_context
task2_best_C4_bits_H24_GRU2_freqRBF16,task2_best_C4_bits_H24_GRU2_freqRBF16,random,z_window_summary,True,40,0.0342883368285795,0.0342831159040493,0.03425409929068,0.034248693604294,True,0.0008,0.2890962064266205,28,1024,0.03,0.03,0.12,0.0001,False,True,single,linear,True,False,24,64,2,embedding,True,True,False,16,single_best,H24_D64_embedding_layers2,direct_rbf16_plus_context
task2_best_C4_bits_H24_GRU2_freqRBF16,task2_best_C4_bits_H24_GRU2_freqRBF16,random,z_window_summary,True,41,0.0342623487938567,0.0342571358196785,,,False,0.0008,0.2906458377838135,28,1024,0.03,0.03,0.12,0.0001,False,True,single,linear,True,False,24,64,2,embedding,True,True,False,16,single_best,H24_D64_embedding_layers2,direct_rbf16_plus_context
task2_best_C4_bits_H24_GRU2_freqRBF16,task2_best_C4_bits_H24_GRU2_freqRBF16,random,z_window_summary,True,42,0.0342244870157956,0.0342192954520719,0.0341906592484007,0.0341853070004888,True,0.0008,0.2925727069377899,28,1024,0.03,0.03,0.12,0.0001,False,True,single,linear,True,False,24,64,2,embedding,True,True,False,16,single_best,H24_D64_embedding_layers2,direct_rbf16_plus_context
task2_best_C4_bits_H24_GRU2_freqRBF16,task2_best_C4_bits_H24_GRU2_freqRBF16,random,z_window_summary,True,43,0.0341948960195241,0.0341897183930967,,,False,0.0008,0.2942166328430176,28,1024,0.03,0.03,0.12,0.0001,False,True,single,linear,True,False,24,64,2,embedding,True,True,False,16,single_best,H24_D64_embedding_layers2,direct_rbf16_plus_context
task2_best_C4_bits_H24_GRU2_freqRBF16,task2_best_C4_bits_H24_GRU2_freqRBF16,random,z_window_summary,True,44,0.0341526034493326,0.0341474475943212,0.0341610087589784,0.0341556880259353,True,0.0008,0.2963465750217438,28,1024,0.03,0.03,0.12,0.0001,False,True,single,linear,True,False,24,64,2,embedding,True,True,False,16,single_best,H24_D64_embedding_layers2,direct_rbf16_plus_context
task2_best_C4_bits_H24_GRU2_freqRBF16,task2_best_C4_bits_H24_GRU2_freqRBF16,random,z_window_summary,True,45,0.0341410176497506,0.0341358586809929,,,False,0.0008,0.2985469996929168,28,1024,0.03,0.03,0.12,0.0001,False,True,single,linear,True,False,24,64,2,embedding,True,True,False,16,single_best,H24_D64_embedding_layers2,direct_rbf16_plus_context
task2_best_C4_bits_H24_GRU2_freqRBF16,task2_best_C4_bits_H24_GRU2_freqRBF16,random,z_window_summary,True,46,0.0341111664181896,0.0341060262107911,0.0341124003357959,0.0341070800752083,True,0.0008,0.3001783788204193,28,1024,0.03,0.03,0.12,0.0001,False,True,single,linear,True,False,24,64,2,embedding,True,True,False,16,single_best,H24_D64_embedding_layers2,direct_rbf16_plus_context
task2_best_C4_bits_H24_GRU2_freqRBF16,task2_best_C4_bits_H24_GRU2_freqRBF16,random,z_window_summary,True,47,0.034095887489982,0.0340907499631758,,,False,0.0008,0.3020813167095184,28,1024,0.03,0.03,0.12,0.0001,False,True,single,linear,True,False,24,64,2,embedding,True,True,False,16,single_best,H24_D64_embedding_layers2,direct_rbf16_plus_context
task2_best_C4_bits_H24_GRU2_freqRBF16,task2_best_C4_bits_H24_GRU2_freqRBF16,random,z_window_summary,True,48,0.0340726409919958,0.0340675100327385,0.0341877767550691,0.0341823864866186,True,0.0008,0.3037251830101013,28,1024,0.03,0.03,0.12,0.0001,False,True,single,linear,True,False,24,64,2,embedding,True,True,False,16,single_best,H24_D64_embedding_layers2,direct_rbf16_plus_context
task2_best_C4_bits_H24_GRU2_freqRBF16,task2_best_C4_bits_H24_GRU2_freqRBF16,random,z_window_summary,True,49,0.0340406204447334,0.0340355052261864,,,False,0.0008,0.3055113852024078,28,1024,0.03,0.03,0.12,0.0001,False,True,single,linear,True,False,24,64,2,embedding,True,True,False,16,single_best,H24_D64_embedding_layers2,direct_rbf16_plus_context
task2_best_C4_bits_H24_GRU2_freqRBF16,task2_best_C4_bits_H24_GRU2_freqRBF16,random,z_window_summary,True,50,0.0340174737875933,0.034012365898656,0.0341053157768867,0.0341000183797979,True,0.0008,0.3071925342082977,28,1024,0.03,0.03,0.12,0.0001,False,True,single,linear,True,False,24,64,2,embedding,True,True,False,16,single_best,H24_D64_embedding_layers2,direct_rbf16_plus_context
task2_best_C4_bits_H24_GRU2_freqRBF16,task2_best_C4_bits_H24_GRU2_freqRBF16,random,z_window_summary,True,51,0.0339859090890391,0.0339808077297427,,,False,0.0008,0.3090730905532837,28,1024,0.03,0.03,0.12,0.0001,False,True,single,linear,True,False,24,64,2,embedding,True,True,False,16,single_best,H24_D64_embedding_layers2,direct_rbf16_plus_context
task2_best_C4_bits_H24_GRU2_freqRBF16,task2_best_C4_bits_H24_GRU2_freqRBF16,random,z_window_summary,True,52,0.0339554804392936,0.033950396077244,0.0340432688644036,0.0340379868016299,True,0.0008,0.3110746145248413,28,1024,0.03,0.03,0.12,0.0001,False,True,single,linear,True,False,24,64,2,embedding,True,True,False,16,single_best,H24_D64_embedding_layers2,direct_rbf16_plus_context
task2_best_C4_bits_H24_GRU2_freqRBF16,task2_best_C4_bits_H24_GRU2_freqRBF16,random,z_window_summary,True,53,0.0339425429091376,0.0339374599156757,,,False,0.0008,0.3131440281867981,28,1024,0.03,0.03,0.12,0.0001,False,True,single,linear,True,False,24,64,2,embedding,True,True,False,16,single_best,H24_D64_embedding_layers2,direct_rbf16_plus_context
task2_best_C4_bits_H24_GRU2_freqRBF16,task2_best_C4_bits_H24_GRU2_freqRBF16,random,z_window_summary,True,54,0.0339154550554129,0.0339103848857019,0.0341404264790709,0.0341350371555313,True,0.0008,0.3149998784065246,28,1024,0.03,0.03,0.12,0.0001,False,True,single,linear,True,False,24,64,2,embedding,True,True,False,16,single_best,H24_D64_embedding_layers2,direct_rbf16_plus_context
task2_best_C4_bits_H24_GRU2_freqRBF16,task2_best_C4_bits_H24_GRU2_freqRBF16,random,z_window_summary,True,55,0.0339127225595781,0.0339076324823506,,,False,0.0008,0.3167727589607239,28,1024,0.03,0.03,0.12,0.0001,False,True,single,linear,True,False,24,64,2,embedding,True,True,False,16,single_best,H24_D64_embedding_layers2,direct_rbf16_plus_context
task2_best_C4_bits_H24_GRU2_freqRBF16,task2_best_C4_bits_H24_GRU2_freqRBF16,random,z_window_summary,True,56,0.0338615789705677,0.0338565247587015,0.0340197547793589,0.0340144847930481,True,0.0008,0.3187477886676788,28,1024,0.03,0.03,0.12,0.0001,False,True,single,linear,True,False,24,64,2,embedding,True,True,False,16,single_best,H24_D64_embedding_layers2,direct_rbf16_plus_context
task2_best_C4_bits_H24_GRU2_freqRBF16,task2_best_C4_bits_H24_GRU2_freqRBF16,random,z_window_summary,True,57,0.0338218098808061,0.033816767564504,,,False,0.0008,0.3211861252784729,28,1024,0.03,0.03,0.12,0.0001,False,True,single,linear,True,False,24,64,2,embedding,True,True,False,16,single_best,H24_D64_embedding_layers2,direct_rbf16_plus_context
task2_best_C4_bits_H24_GRU2_freqRBF16,task2_best_C4_bits_H24_GRU2_freqRBF16,random,z_window_summary,True,58,0.0338055125454749,0.0338004721543938,0.0340759763320621,0.0340707069411288,True,0.0008,0.3228278756141662,28,1024,0.03,0.03,0.12,0.0001,False,True,single,linear,True,False,24,64,2,embedding,True,True,False,16,single_best,H24_D64_embedding_layers2,direct_rbf16_plus_context
task2_best_C4_bits_H24_GRU2_freqRBF16,task2_best_C4_bits_H24_GRU2_freqRBF16,random,z_window_summary,True,59,0.0337929151906275,0.0337878715407188,,,False,0.0008,0.3253553509712219,28,1024,0.03,0.03,0.12,0.0001,False,True,single,linear,True,False,24,64,2,embedding,True,True,False,16,single_best,H24_D64_embedding_layers2,direct_rbf16_plus_context
task2_best_C4_bits_H24_GRU2_freqRBF16,task2_best_C4_bits_H24_GRU2_freqRBF16,random,z_window_summary,True,60,0.0337464422441871,0.0337414218420131,0.0339745592397003,0.0339692918222092,True,0.0008,0.3271886110305786,28,1024,0.03,0.03,0.12,0.0001,False,True,single,linear,True,False,24,64,2,embedding,True,True,False,16,single_best,H24_D64_embedding_layers2,direct_rbf16_plus_context
task2_best_C4_bits_H24_GRU2_freqRBF16,task2_best_C4_bits_H24_GRU2_freqRBF16,random,z_window_summary,True,61,0.0337269540844095,0.0337219384764737,,,False,0.0008,0.3295542299747467,28,1024,0.03,0.03,0.12,0.0001,False,True,single,linear,True,False,24,64,2,embedding,True,True,False,16,single_best,H24_D64_embedding_layers2,direct_rbf16_plus_context
task2_best_C4_bits_H24_GRU2_freqRBF16,task2_best_C4_bits_H24_GRU2_freqRBF16,random,z_window_summary,True,62,0.0337012174401642,0.0336962103060444,0.033951149328155,0.0339459152216996,True,0.0008,0.3313161730766296,28,1024,0.03,0.03,0.12,0.0001,False,True,single,linear,True,False,24,64,2,embedding,True,True,False,16,single_best,H24_D64_embedding_layers2,direct_rbf16_plus_context
task2_best_C4_bits_H24_GRU2_freqRBF16,task2_best_C4_bits_H24_GRU2_freqRBF16,random,z_window_summary,True,63,0.0336699626060447,0.0336649621635106,,,False,0.0008,0.3334484696388244,28,1024,0.03,0.03,0.12,0.0001,False,True,single,linear,True,False,24,64,2,embedding,True,True,False,16,single_best,H24_D64_embedding_layers2,direct_rbf16_plus_context
task2_best_C4_bits_H24_GRU2_freqRBF16,task2_best_C4_bits_H24_GRU2_freqRBF16,random,z_window_summary,True,64,0.033653831881918,0.0336488259077529,0.0339801387336652,0.0339748681469597,True,0.0008,0.3358878493309021,28,1024,0.03,0.03,0.12,0.0001,False,True,single,linear,True,False,24,64,2,embedding,True,True,False,16,single_best,H24_D64_embedding_layers2,direct_rbf16_plus_context
task2_best_C4_bits_H24_GRU2_freqRBF16,task2_best_C4_bits_H24_GRU2_freqRBF16,random,z_window_summary,True,65,0.0336277762421654,0.0336227839588951,,,False,0.0008,0.3378402292728424,28,1024,0.03,0.03,0.12,0.0001,False,True,single,linear,True,False,24,64,2,embedding,True,True,False,16,single_best,H24_D64_embedding_layers2,direct_rbf16_plus_context
task2_best_C4_bits_H24_GRU2_freqRBF16,task2_best_C4_bits_H24_GRU2_freqRBF16,random,z_window_summary,True,66,0.0336156248118138,0.033610628133593,0.0339196306829968,0.0339143943079192,True,0.0008,0.3400620818138122,28,1024,0.03,0.03,0.12,0.0001,False,True,single,linear,True,False,24,64,2,embedding,True,True,False,16,single_best,H24_D64_embedding_layers2,direct_rbf16_plus_context
task2_best_C4_bits_H24_GRU2_freqRBF16,task2_best_C4_bits_H24_GRU2_freqRBF16,random,z_window_summary,True,67,0.0335959891079629,0.03359100011223,,,False,0.0008,0.3416944146156311,28,1024,0.03,0.03,0.12,0.0001,False,True,single,linear,True,False,24,64,2,embedding,True,True,False,16,single_best,H24_D64_embedding_layers2,direct_rbf16_plus_context
task2_best_C4_bits_H24_GRU2_freqRBF16,task2_best_C4_bits_H24_GRU2_freqRBF16,random,z_window_summary,True,68,0.0335808488307956,0.0335758578117269,0.0339189435713887,0.0339137024031878,True,0.0008,0.3438501060009002,28,1024,0.03,0.03,0.12,0.0001,False,True,single,linear,True,False,24,64,2,embedding,True,True,False,16,single_best,H24_D64_embedding_layers2,direct_rbf16_plus_context
task2_best_C4_bits_H24_GRU2_freqRBF16,task2_best_C4_bits_H24_GRU2_freqRBF16,random,z_window_summary,True,69,0.0335345817568861,0.033529608918572,,,False,0.0008,0.3464334309101105,28,1024,0.03,0.03,0.12,0.0001,False,True,single,linear,True,False,24,64,2,embedding,True,True,False,16,single_best,H24_D64_embedding_layers2,direct_rbf16_plus_context
task2_best_C4_bits_H24_GRU2_freqRBF16,task2_best_C4_bits_H24_GRU2_freqRBF16,random,z_window_summary,True,70,0.0335150441562487,0.0335100757113521,0.0338771285039741,0.0338719109719249,True,0.0008,0.3487307429313659,28,1024,0.03,0.03,0.12,0.0001,False,True,single,linear,True,False,24,64,2,embedding,True,True,False,16,single_best,H24_D64_embedding_layers2,direct_rbf16_plus_context
task2_best_C4_bits_H24_GRU2_freqRBF16,task2_best_C4_bits_H24_GRU2_freqRBF16,random,z_window_summary,True,71,0.033492703852897,0.0334877384269768,,,False,0.0008,0.350816011428833,28,1024,0.03,0.03,0.12,0.0001,False,True,single,linear,True,False,24,64,2,embedding,True,True,False,16,single_best,H24_D64_embedding_layers2,direct_rbf16_plus_context
task2_best_C4_bits_H24_GRU2_freqRBF16,task2_best_C4_bits_H24_GRU2_freqRBF16,random,z_window_summary,True,72,0.033476644387316,0.0334716794712018,0.0338867313047718,0.0338814726222712,True,0.0008,0.3528579473495483,28,1024,0.03,0.03,0.12,0.0001,False,True,single,linear,True,False,24,64,2,embedding,True,True,False,16,single_best,H24_D64_embedding_layers2,direct_rbf16_plus_context
task2_best_C4_bits_H24_GRU2_freqRBF16,task2_best_C4_bits_H24_GRU2_freqRBF16,random,z_window_summary,True,73,0.0334359963849225,0.0334310455772478,,,False,0.0008,0.3552745282649994,28,1024,0.03,0.03,0.12,0.0001,False,True,single,linear,True,False,24,64,2,embedding,True,True,False,16,single_best,H24_D64_embedding_layers2,direct_rbf16_plus_context
task2_best_C4_bits_H24_GRU2_freqRBF16,task2_best_C4_bits_H24_GRU2_freqRBF16,random,z_window_summary,True,74,0.0334233657423137,0.0334184155029792,0.0339512079109581,0.0339458855147046,True,0.0008,0.3578060269355774,28,1024,0.03,0.03,0.12,0.0001,False,True,single,linear,True,False,24,64,2,embedding,True,True,False,16,single_best,H24_D64_embedding_layers2,direct_rbf16_plus_context
task2_best_C4_bits_H24_GRU2_freqRBF16,task2_best_C4_bits_H24_GRU2_freqRBF16,random,z_window_summary,True,75,0.0334168183697081,0.033411866602907,,,False,0.0008,0.3599494993686676,28,1024,0.03,0.03,0.12,0.0001,False,True,single,linear,True,False,24,64,2,embedding,True,True,False,16,single_best,H24_D64_embedding_layers2,direct_rbf16_plus_context
task2_best_C4_bits_H24_GRU2_freqRBF16,task2_best_C4_bits_H24_GRU2_freqRBF16,random,z_window_summary,True,76,0.0333718340750539,0.0333668997439493,0.0339926891814913,0.0339873799295337,True,0.0008,0.3621281385421753,28,1024,0.03,0.03,0.12,0.0001,False,True,single,linear,True,False,24,64,2,embedding,True,True,False,16,single_best,H24_D64_embedding_layers2,direct_rbf16_plus_context
task2_best_C4_bits_H24_GRU2_freqRBF16,task2_best_C4_bits_H24_GRU2_freqRBF16,random,z_window_summary,True,77,0.0333785493552595,0.0333736004223548,,,False,0.0008,0.3639152944087982,28,1024,0.03,0.03,0.12,0.0001,False,True,single,linear,True,False,24,64,2,embedding,True,True,False,16,single_best,H24_D64_embedding_layers2,direct_rbf16_plus_context
task2_best_C4_bits_H24_GRU2_freqRBF16,task2_best_C4_bits_H24_GRU2_freqRBF16,random,z_window_summary,True,78,0.0333407611899381,0.0333358293841706,0.0338178423292909,0.0338126420949645,True,0.0008,0.3660082817077636,28,1024,0.03,0.03,0.12,0.0001,False,True,single,linear,True,False,24,64,2,embedding,True,True,False,16,single_best,H24_D64_embedding_layers2,direct_rbf16_plus_context
task2_best_C4_bits_H24_GRU2_freqRBF16,task2_best_C4_bits_H24_GRU2_freqRBF16,random,z_window_summary,True,79,0.0332940976056341,0.0332891833373013,,,False,0.0008,0.3684496581554413,28,1024,0.03,0.03,0.12,0.0001,False,True,single,linear,True,False,24,64,2,embedding,True,True,False,16,single_best,H24_D64_embedding_layers2,direct_rbf16_plus_context
task2_best_C4_bits_H24_GRU2_freqRBF16,task2_best_C4_bits_H24_GRU2_freqRBF16,random,z_window_summary,True,80,0.0333006799945749,0.0332957583007476,0.0338046425980684,0.0337994346572828,True,0.0008,0.3704277873039245,28,1024,0.03,0.03,0.12,0.0001,False,True,single,linear,True,False,24,64,2,embedding,True,True,False,16,single_best,H24_D64_embedding_layers2,direct_rbf16_plus_context
task2_best_C4_bits_H24_GRU2_freqRBF16,task2_best_C4_bits_H24_GRU2_freqRBF16,random,z_window_summary,True,81,0.0332647176202298,0.0332598077152112,,,False,0.0008,0.3729289472103119,28,1024,0.03,0.03,0.12,0.0001,False,True,single,linear,True,False,24,64,2,embedding,True,True,False,16,single_best,H24_D64_embedding_layers2,direct_rbf16_plus_context
task2_best_C4_bits_H24_GRU2_freqRBF16,task2_best_C4_bits_H24_GRU2_freqRBF16,random,z_window_summary,True,82,0.0332366220003605,0.0332317209103292,0.0338123346912004,0.0338070955357433,True,0.0008,0.3752951323986053,28,1024,0.03,0.03,0.12,0.0001,False,True,single,linear,True,False,24,64,2,embedding,True,True,False,16,single_best,H24_D64_embedding_layers2,direct_rbf16_plus_context
task2_best_C4_bits_H24_GRU2_freqRBF16,task2_best_C4_bits_H24_GRU2_freqRBF16,random,z_window_summary,True,83,0.0332241436180174,0.0332192417151955,,,False,0.0008,0.3774861097335815,28,1024,0.03,0.03,0.12,0.0001,False,True,single,linear,True,False,24,64,2,embedding,True,True,False,16,single_best,H24_D64_embedding_layers2,direct_rbf16_plus_context
task2_best_C4_bits_H24_GRU2_freqRBF16,task2_best_C4_bits_H24_GRU2_freqRBF16,random,z_window_summary,True,84,0.0331963760040357,0.0331914806860442,0.0338235464436237,0.0338183231292215,True,0.0008,0.3794886767864227,28,1024,0.03,0.03,0.12,0.0001,False,True,single,linear,True,False,24,64,2,embedding,True,True,False,16,single_best,H24_D64_embedding_layers2,direct_rbf16_plus_context
task2_best_C4_bits_H24_GRU2_freqRBF16,task2_best_C4_bits_H24_GRU2_freqRBF16,random,z_window_summary,True,85,0.0331719650346555,0.0331670777960703,,,False,0.0008,0.3819627165794372,28,1024,0.03,0.03,0.12,0.0001,False,True,single,linear,True,False,24,64,2,embedding,True,True,False,16,single_best,H24_D64_embedding_layers2,direct_rbf16_plus_context
task2_best_C4_bits_H24_GRU2_freqRBF16,task2_best_C4_bits_H24_GRU2_freqRBF16,random,z_window_summary,True,86,0.0331743175508799,0.0331694263026948,0.0338012686691233,0.0337960562747134,True,0.0008,0.3838897347450256,28,1024,0.03,0.03,0.12,0.0001,False,True,single,linear,True,False,24,64,2,embedding,True,True,False,16,single_best,H24_D64_embedding_layers2,direct_rbf16_plus_context
task2_best_C4_bits_H24_GRU2_freqRBF16,task2_best_C4_bits_H24_GRU2_freqRBF16,random,z_window_summary,True,87,0.033134428501196,0.0331295501876983,,,False,0.0008,0.3862244784832001,28,1024,0.03,0.03,0.12,0.0001,False,True,single,linear,True,False,24,64,2,embedding,True,True,False,16,single_best,H24_D64_embedding_layers2,direct_rbf16_plus_context
task2_best_C4_bits_H24_GRU2_freqRBF16,task2_best_C4_bits_H24_GRU2_freqRBF16,random,z_window_summary,True,88,0.0331147676395803,0.0331098951764468,0.0337362731797526,0.0337310624978892,True,0.0008,0.3883219957351684,28,1024,0.03,0.03,0.12,0.0001,False,True,single,linear,True,False,24,64,2,embedding,True,True,False,16,single_best,H24_D64_embedding_layers2,direct_rbf16_plus_context
task2_best_C4_bits_H24_GRU2_freqRBF16,task2_best_C4_bits_H24_GRU2_freqRBF16,random,z_window_summary,True,89,0.0331074475171723,0.033102569536484,,,False,0.0008,0.390592873096466,28,1024,0.03,0.03,0.12,0.0001,False,True,single,linear,True,False,24,64,2,embedding,True,True,False,16,single_best,H24_D64_embedding_layers2,direct_rbf16_plus_context
task2_best_C4_bits_H24_GRU2_freqRBF16,task2_best_C4_bits_H24_GRU2_freqRBF16,random,z_window_summary,True,90,0.0330849736101097,0.0330800997538598,0.0338005608539321,0.0337953466190366,True,0.0008,0.392749011516571,28,1024,0.03,0.03,0.12,0.0001,False,True,single,linear,True,False,24,64,2,embedding,True,True,False,16,single_best,H24_D64_embedding_layers2,direct_rbf16_plus_context
task2_best_C4_bits_H24_GRU2_freqRBF16,task2_best_C4_bits_H24_GRU2_freqRBF16,random,z_window_summary,True,91,0.0330870500389797,0.0330821754359993,,,False,0.0008,0.3945156037807464,28,1024,0.03,0.03,0.12,0.0001,False,True,single,linear,True,False,24,64,2,embedding,True,True,False,16,single_best,H24_D64_embedding_layers2,direct_rbf16_plus_context
task2_best_C4_bits_H24_GRU2_freqRBF16,task2_best_C4_bits_H24_GRU2_freqRBF16,random,z_window_summary,True,92,0.0330573392753916,0.033052471580574,0.0337320436557334,0.0337268306216273,True,0.0008,0.3965533375740051,28,1024,0.03,0.03,0.12,0.0001,False,True,single,linear,True,False,24,64,2,embedding,True,True,False,16,single_best,H24_D64_embedding_layers2,direct_rbf16_plus_context
task2_best_C4_bits_H24_GRU2_freqRBF16,task2_best_C4_bits_H24_GRU2_freqRBF16,random,z_window_summary,True,93,0.0330152193607683,0.0330103642600241,,,False,0.0008,0.3992651700973511,28,1024,0.03,0.03,0.12,0.0001,False,True,single,linear,True,False,24,64,2,embedding,True,True,False,16,single_best,H24_D64_embedding_layers2,direct_rbf16_plus_context
task2_best_C4_bits_H24_GRU2_freqRBF16,task2_best_C4_bits_H24_GRU2_freqRBF16,random,z_window_summary,True,94,0.0330091881511744,0.0330043364548968,0.0337764785864404,0.0337712853302391,True,0.0008,0.4015436470508575,28,1024,0.03,0.03,0.12,0.0001,False,True,single,linear,True,False,24,64,2,embedding,True,True,False,16,single_best,H24_D64_embedding_layers2,direct_rbf16_plus_context
task2_best_C4_bits_H24_GRU2_freqRBF16,task2_best_C4_bits_H24_GRU2_freqRBF16,random,z_window_summary,True,95,0.0329801624421318,0.0329753160607689,,,False,0.0008,0.4045437574386596,28,1024,0.03,0.03,0.12,0.0001,False,True,single,linear,True,False,24,64,2,embedding,True,True,False,16,single_best,H24_D64_embedding_layers2,direct_rbf16_plus_context
task2_best_C4_bits_H24_GRU2_freqRBF16,task2_best_C4_bits_H24_GRU2_freqRBF16,random,z_window_summary,True,96,0.0329779347188121,0.0329730829046297,0.0337320331822742,0.0337267086453376,True,0.0008,0.4061421453952789,28,1024,0.03,0.03,0.12,0.0001,False,True,single,linear,True,False,24,64,2,embedding,True,True,False,16,single_best,H24_D64_embedding_layers2,direct_rbf16_plus_context
task2_best_C4_bits_H24_GRU2_freqRBF16,task2_best_C4_bits_H24_GRU2_freqRBF16,random,z_window_summary,True,97,0.0329845897256882,0.0329797311580408,,,False,0.0008,0.4078706800937652,28,1024,0.03,0.03,0.12,0.0001,False,True,single,linear,True,False,24,64,2,embedding,True,True,False,16,single_best,H24_D64_embedding_layers2,direct_rbf16_plus_context
task2_best_C4_bits_H24_GRU2_freqRBF16,task2_best_C4_bits_H24_GRU2_freqRBF16,random,z_window_summary,True,98,0.0329443771652724,0.0329395349596352,0.0338203944048429,0.0338152033779623,True,0.0008,0.4099226891994476,28,1024,0.03,0.03,0.12,0.0001,False,True,single,linear,True,False,24,64,2,embedding,True,True,False,16,single_best,H24_D64_embedding_layers2,direct_rbf16_plus_context
task2_best_C4_bits_H24_GRU2_freqRBF16,task2_best_C4_bits_H24_GRU2_freqRBF16,random,z_window_summary,True,99,0.0329149765132174,0.0329101366265142,,,False,0.0008,0.4115510582923889,28,1024,0.03,0.03,0.12,0.0001,False,True,single,linear,True,False,24,64,2,embedding,True,True,False,16,single_best,H24_D64_embedding_layers2,direct_rbf16_plus_context
task2_best_C4_bits_H24_GRU2_freqRBF16,task2_best_C4_bits_H24_GRU2_freqRBF16,random,z_window_summary,True,100,0.0329065887106243,0.0329017487252489,0.0337487003384482,0.0337434801932604,True,0.0008,0.4136913120746612,28,1024,0.03,0.03,0.12,0.0001,False,True,single,linear,True,False,24,64,2,embedding,True,True,False,16,single_best,H24_D64_embedding_layers2,direct_rbf16_plus_context
task2_best_C4_bits_H24_GRU2_freqRBF16,task2_best_C4_bits_H24_GRU2_freqRBF16,random,z_window_summary,True,101,0.0328910084407159,0.0328861812400686,,,False,0.0008,0.4159431755542755,28,1024,0.03,0.03,0.12,0.0001,False,True,single,linear,True,False,24,64,2,embedding,True,True,False,16,single_best,H24_D64_embedding_layers2,direct_rbf16_plus_context
task2_best_C4_bits_H24_GRU2_freqRBF16,task2_best_C4_bits_H24_GRU2_freqRBF16,random,z_window_summary,True,102,0.0328634104661133,0.0328585895234799,0.0337385267654787,0.033733313086659,True,0.0008,0.4177547991275787,28,1024,0.03,0.03,0.12,0.0001,False,True,single,linear,True,False,24,64,2,embedding,True,True,False,16,single_best,H24_D64_embedding_layers2,direct_rbf16_plus_context
task2_best_C4_bits_H24_GRU2_freqRBF16,task2_best_C4_bits_H24_GRU2_freqRBF16,random,z_window_summary,True,103,0.0328459358172406,0.032841116055049,,,False,0.0008,0.4204539060592651,28,1024,0.03,0.03,0.12,0.0001,False,True,single,linear,True,False,24,64,2,embedding,True,True,False,16,single_best,H24_D64_embedding_layers2,direct_rbf16_plus_context
task2_best_C4_bits_H24_GRU2_freqRBF16,task2_best_C4_bits_H24_GRU2_freqRBF16,random,z_window_summary,True,104,0.0328248337488182,0.0328200216766403,0.0337048219552412,0.0336996123019091,True,0.0008,0.4222989678382873,28,1024,0.03,0.03,0.12,0.0001,False,True,single,linear,True,False,24,64,2,embedding,True,True,False,16,single_best,H24_D64_embedding_layers2,direct_rbf16_plus_context
task2_best_C4_bits_H24_GRU2_freqRBF16,task2_best_C4_bits_H24_GRU2_freqRBF16,random,z_window_summary,True,105,0.0328228483003732,0.0328180264440472,,,False,0.0008,0.4238944351673126,28,1024,0.03,0.03,0.12,0.0001,False,True,single,linear,True,False,24,64,2,embedding,True,True,False,16,single_best,H24_D64_embedding_layers2,direct_rbf16_plus_context
task2_best_C4_bits_H24_GRU2_freqRBF16,task2_best_C4_bits_H24_GRU2_freqRBF16,random,z_window_summary,True,106,0.032813970186304,0.0328091517752792,0.0337012557352565,0.033696027455473,True,0.0008,0.4259311854839325,28,1024,0.03,0.03,0.12,0.0001,False,True,single,linear,True,False,24,64,2,embedding,True,True,False,16,single_best,H24_D64_embedding_layers2,direct_rbf16_plus_context
task2_best_C4_bits_H24_GRU2_freqRBF16,task2_best_C4_bits_H24_GRU2_freqRBF16,random,z_window_summary,True,107,0.032808803553455,0.0328039882043317,,,False,0.0008,0.4276619851589203,28,1024,0.03,0.03,0.12,0.0001,False,True,single,linear,True,False,24,64,2,embedding,True,True,False,16,single_best,H24_D64_embedding_layers2,direct_rbf16_plus_context
task2_best_C4_bits_H24_GRU2_freqRBF16,task2_best_C4_bits_H24_GRU2_freqRBF16,random,z_window_summary,True,108,0.0327667381518283,0.0327619341941772,0.0337205113527416,0.0337153161281153,True,0.0008,0.4296542406082153,28,1024,0.03,0.03,0.12,0.0001,False,True,single,linear,True,False,24,64,2,embedding,True,True,False,16,single_best,H24_D64_embedding_layers2,direct_rbf16_plus_context
task2_best_C4_bits_H24_GRU2_freqRBF16,task2_best_C4_bits_H24_GRU2_freqRBF16,random,z_window_summary,True,109,0.0327483780495334,0.0327435806213839,,,False,0.0008,0.4318976700305938,28,1024,0.03,0.03,0.12,0.0001,False,True,single,linear,True,False,24,64,2,embedding,True,True,False,16,single_best,H24_D64_embedding_layers2,direct_rbf16_plus_context
task2_best_C4_bits_H24_GRU2_freqRBF16,task2_best_C4_bits_H24_GRU2_freqRBF16,random,z_window_summary,True,110,0.0327431304665304,0.0327383273949772,0.0336287104011451,0.0336234528751151,True,0.0008,0.4336589872837066,28,1024,0.03,0.03,0.12,0.0001,False,True,single,linear,True,False,24,64,2,embedding,True,True,False,16,single_best,H24_D64_embedding_layers2,direct_rbf16_plus_context
task2_best_C4_bits_H24_GRU2_freqRBF16,task2_best_C4_bits_H24_GRU2_freqRBF16,random,z_window_summary,True,111,0.0327348010725311,0.0327300036545554,,,False,0.0008,0.4354879558086395,28,1024,0.03,0.03,0.12,0.0001,False,True,single,linear,True,False,24,64,2,embedding,True,True,False,16,single_best,H24_D64_embedding_layers2,direct_rbf16_plus_context
task2_best_C4_bits_H24_GRU2_freqRBF16,task2_best_C4_bits_H24_GRU2_freqRBF16,random,z_window_summary,True,112,0.0327150040723904,0.0327102145997495,0.0337775834991808,0.0337723785553516,True,0.0008,0.4376073777675628,28,1024,0.03,0.03,0.12,0.0001,False,True,single,linear,True,False,24,64,2,embedding,True,True,False,16,single_best,H24_D64_embedding_layers2,direct_rbf16_plus_context
task2_best_C4_bits_H24_GRU2_freqRBF16,task2_best_C4_bits_H24_GRU2_freqRBF16,random,z_window_summary,True,113,0.032704626185993,0.0326998357305333,,,False,0.0008,0.4388492405414581,28,1024,0.03,0.03,0.12,0.0001,False,True,single,linear,True,False,24,64,2,embedding,True,True,False,16,single_best,H24_D64_embedding_layers2,direct_rbf16_plus_context
task2_best_C4_bits_H24_GRU2_freqRBF16,task2_best_C4_bits_H24_GRU2_freqRBF16,random,z_window_summary,True,114,0.03268385174633,0.0326790626870528,0.0337295417031053,0.0337243314493786,True,0.0008,0.4413515031337738,28,1024,0.03,0.03,0.12,0.0001,False,True,single,linear,True,False,24,64,2,embedding,True,True,False,16,single_best,H24_D64_embedding_layers2,direct_rbf16_plus_context
task2_best_C4_bits_H24_GRU2_freqRBF16,task2_best_C4_bits_H24_GRU2_freqRBF16,random,z_window_summary,True,115,0.0326767385437989,0.0326719562159666,,,False,0.0008,0.4425612390041351,28,1024,0.03,0.03,0.12,0.0001,False,True,single,linear,True,False,24,64,2,embedding,True,True,False,16,single_best,H24_D64_embedding_layers2,direct_rbf16_plus_context
task2_best_C4_bits_H24_GRU2_freqRBF16,task2_best_C4_bits_H24_GRU2_freqRBF16,random,z_window_summary,True,116,0.0326818732609585,0.0326770852066596,0.0336921906882664,0.0336869797505246,True,0.0008,0.4445445239543915,28,1024,0.03,0.03,0.12,0.0001,False,True,single,linear,True,False,24,64,2,embedding,True,True,False,16,single_best,H24_D64_embedding_layers2,direct_rbf16_plus_context
task2_best_C4_bits_H24_GRU2_freqRBF16,task2_best_C4_bits_H24_GRU2_freqRBF16,random,z_window_summary,True,117,0.0326378692277375,0.0326330963373072,,,False,0.0008,0.4468367993831634,28,1024,0.03,0.03,0.12,0.0001,False,True,single,linear,True,False,24,64,2,embedding,True,True,False,16,single_best,H24_D64_embedding_layers2,direct_rbf16_plus_context
task2_best_C4_bits_H24_GRU2_freqRBF16,task2_best_C4_bits_H24_GRU2_freqRBF16,random,z_window_summary,True,118,0.032625429208498,0.0326206560953587,0.0337310504699261,0.0337258054484957,True,0.0008,0.448781818151474,28,1024,0.03,0.03,0.12,0.0001,False,True,single,linear,True,False,24,64,2,embedding,True,True,False,16,single_best,H24_D64_embedding_layers2,direct_rbf16_plus_context
task2_best_C4_bits_H24_GRU2_freqRBF16,task2_best_C4_bits_H24_GRU2_freqRBF16,random,z_window_summary,True,119,0.032641277754358,0.0326365013928436,,,False,0.0008,0.4502937793731689,28,1024,0.03,0.03,0.12,0.0001,False,True,single,linear,True,False,24,64,2,embedding,True,True,False,16,single_best,H24_D64_embedding_layers2,direct_rbf16_plus_context
task2_best_C4_bits_H24_GRU2_freqRBF16,task2_best_C4_bits_H24_GRU2_freqRBF16,random,z_window_summary,True,120,0.0326124293735934,0.0326076651392717,0.0337179885627377,0.0337127700857776,True,0.0008,0.4520217478275299,28,1024,0.03,0.03,0.12,0.0001,False,True,single,linear,True,False,24,64,2,embedding,True,True,False,16,single_best,H24_D64_embedding_layers2,direct_rbf16_plus_context
task2_best_C4_bits_H24_GRU2_freqRBF16,task2_best_C4_bits_H24_GRU2_freqRBF16,random,z_window_summary,True,121,0.0325888030381515,0.0325840467410813,,,False,0.0008,0.4542511403560638,28,1024,0.03,0.03,0.12,0.0001,False,True,single,linear,True,False,24,64,2,embedding,True,True,False,16,single_best,H24_D64_embedding_layers2,direct_rbf16_plus_context
task2_best_C4_bits_H24_GRU2_freqRBF16,task2_best_C4_bits_H24_GRU2_freqRBF16,random,z_window_summary,True,122,0.0325897120889812,0.0325849444125637,0.0337061528078835,0.033700928125451,True,0.0008,0.4558799266815185,28,1024,0.03,0.03,0.12,0.0001,False,True,single,linear,True,False,24,64,2,embedding,True,True,False,16,single_best,H24_D64_embedding_layers2,direct_rbf16_plus_context
task2_best_C4_bits_H24_GRU2_freqRBF16,task2_best_C4_bits_H24_GRU2_freqRBF16,random,z_window_summary,True,123,0.0325536190872552,0.0325488654284097,,,False,0.0008,0.4579125940799713,28,1024,0.03,0.03,0.12,0.0001,False,True,single,linear,True,False,24,64,2,embedding,True,True,False,16,single_best,H24_D64_embedding_layers2,direct_rbf16_plus_context
task2_best_C4_bits_H24_GRU2_freqRBF16,task2_best_C4_bits_H24_GRU2_freqRBF16,random,z_window_summary,True,124,0.0325371398850076,0.032532390146288,0.0337195031127477,0.0337143073320455,True,0.0008,0.4594305157661438,28,1024,0.03,0.03,0.12,0.0001,False,True,single,linear,True,False,24,64,2,embedding,True,True,False,16,single_best,H24_D64_embedding_layers2,direct_rbf16_plus_context
task2_best_C4_bits_H24_GRU2_freqRBF16,task2_best_C4_bits_H24_GRU2_freqRBF16,random,z_window_summary,True,125,0.032539770377572,0.0325350175828042,,,False,0.0008,0.4610022604465484,28,1024,0.03,0.03,0.12,0.0001,False,True,single,linear,True,False,24,64,2,embedding,True,True,False,16,single_best,H24_D64_embedding_layers2,direct_rbf16_plus_context
task2_best_C4_bits_H24_GRU2_freqRBF16,task2_best_C4_bits_H24_GRU2_freqRBF16,random,z_window_summary,True,126,0.0325337779707858,0.0325290266560997,0.0337702798622625,0.0337650693083384,True,0.0008,0.4631133079528808,28,1024,0.03,0.03,0.12,0.0001,False,True,single,linear,True,False,24,64,2,embedding,True,True,False,16,single_best,H24_D64_embedding_layers2,direct_rbf16_plus_context
task2_best_C4_bits_H24_GRU2_freqRBF16,task2_best_C4_bits_H24_GRU2_freqRBF16,random,z_window_summary,True,127,0.0325158553718517,0.0325111120182489,,,False,0.0008,0.4654459953308105,28,1024,0.03,0.03,0.12,0.0001,False,True,single,linear,True,False,24,64,2,embedding,True,True,False,16,single_best,H24_D64_embedding_layers2,direct_rbf16_plus_context
task2_best_C4_bits_H24_GRU2_freqRBF16,task2_best_C4_bits_H24_GRU2_freqRBF16,random,z_window_summary,True,128,0.032510462392148,0.0325057150728462,0.0337471029950111,0.0337418682045406,True,0.0004,0.4670919775962829,28,1024,0.03,0.03,0.12,0.0001,False,True,single,linear,True,False,24,64,2,embedding,True,True,False,16,single_best,H24_D64_embedding_layers2,direct_rbf16_plus_context
task2_best_C4_bits_H24_GRU2_freqRBF16,task2_best_C4_bits_H24_GRU2_freqRBF16,random,z_window_summary,True,129,0.0324335675456641,0.032428845318067,,,False,0.0004,0.4682099819183349,28,1024,0.03,0.03,0.12,0.0001,False,True,single,linear,True,False,24,64,2,embedding,True,True,False,16,single_best,H24_D64_embedding_layers2,direct_rbf16_plus_context
task2_best_C4_bits_H24_GRU2_freqRBF16,task2_best_C4_bits_H24_GRU2_freqRBF16,random,z_window_summary,True,130,0.0324135539135514,0.0324088420024858,0.0337580389279441,0.0337528440871356,True,0.0004,0.4690763652324676,28,1024,0.03,0.03,0.12,0.0001,False,True,single,linear,True,False,24,64,2,embedding,True,True,False,16,single_best,H24_D64_embedding_layers2,direct_rbf16_plus_context
task2_best_C4_bits_H24_GRU2_freqRBF16,task2_best_C4_bits_H24_GRU2_freqRBF16,random,z_window_summary,True,131,0.0324018873914022,0.0323971794596937,,,False,0.0004,0.471085786819458,28,1024,0.03,0.03,0.12,0.0001,False,True,single,linear,True,False,24,64,2,embedding,True,True,False,16,single_best,H24_D64_embedding_layers2,direct_rbf16_plus_context
task2_best_C4_bits_H24_GRU2_freqRBF16,task2_best_C4_bits_H24_GRU2_freqRBF16,random,z_window_summary,True,132,0.0323770542292839,0.0323723517564566,0.0337475815279917,0.0337423875877752,True,0.0004,0.4724864065647125,28,1024,0.03,0.03,0.12,0.0001,False,True,single,linear,True,False,24,64,2,embedding,True,True,False,16,single_best,H24_D64_embedding_layers2,direct_rbf16_plus_context
task2_best_C4_bits_H24_GRU2_freqRBF16,task2_best_C4_bits_H24_GRU2_freqRBF16,random,z_window_summary,True,133,0.0323731858712532,0.0323684832382929,,,False,0.0004,0.4737805724143982,28,1024,0.03,0.03,0.12,0.0001,False,True,single,linear,True,False,24,64,2,embedding,True,True,False,16,single_best,H24_D64_embedding_layers2,direct_rbf16_plus_context
task2_best_C4_bits_H24_GRU2_freqRBF16,task2_best_C4_bits_H24_GRU2_freqRBF16,random,z_window_summary,True,134,0.0323634365871074,0.0323587409332478,0.0337501160850629,0.0337449132819167,True,0.0004,0.4750035405158996,28,1024,0.03,0.03,0.12,0.0001,False,True,single,linear,True,False,24,64,2,embedding,True,True,False,16,single_best,H24_D64_embedding_layers2,direct_rbf16_plus_context
task2_best_C4_bits_H24_GRU2_freqRBF16,task2_best_C4_bits_H24_GRU2_freqRBF16,random,z_window_summary,True,135,0.0323517002293535,0.0323470091277902,,,False,0.0004,0.4763621985912323,28,1024,0.03,0.03,0.12,0.0001,False,True,single,linear,True,False,24,64,2,embedding,True,True,False,16,single_best,H24_D64_embedding_layers2,direct_rbf16_plus_context
task2_best_C4_bits_H24_GRU2_freqRBF16,task2_best_C4_bits_H24_GRU2_freqRBF16,random,z_window_summary,True,136,0.0323580330383385,0.032353335261356,0.033758805946402,0.0337535962487511,True,0.0004,0.4775339365005493,28,1024,0.03,0.03,0.12,0.0001,False,True,single,linear,True,False,24,64,2,embedding,True,True,False,16,single_best,H24_D64_embedding_layers2,direct_rbf16_plus_context
task2_best_C4_bits_H24_GRU2_freqRBF16,task2_best_C4_bits_H24_GRU2_freqRBF16,random,z_window_summary,True,137,0.0323480892579429,0.032343396954754,,,False,0.0004,0.4788306355476379,28,1024,0.03,0.03,0.12,0.0001,False,True,single,linear,True,False,24,64,2,embedding,True,True,False,16,single_best,H24_D64_embedding_layers2,direct_rbf16_plus_context
task2_best_C4_bits_H24_GRU2_freqRBF16,task2_best_C4_bits_H24_GRU2_freqRBF16,random,z_window_summary,True,138,0.0323526263742903,0.032347928849284,0.0338066221429108,0.03380140486674,True,0.0004,0.4802713394165039,28,1024,0.03,0.03,0.12,0.0001,False,True,single,linear,True,False,24,64,2,embedding,True,True,False,16,single_best,H24_D64_embedding_layers2,direct_rbf16_plus_context
task2_best_C4_bits_H24_GRU2_freqRBF16,task2_best_C4_bits_H24_GRU2_freqRBF16,random,z_window_summary,True,139,0.0323312102774143,0.0323265229755635,,,False,0.0004,0.4814028739929199,28,1024,0.03,0.03,0.12,0.0001,False,True,single,linear,True,False,24,64,2,embedding,True,True,False,16,single_best,H24_D64_embedding_layers2,direct_rbf16_plus_context
task2_best_C4_bits_H24_GRU2_freqRBF16,task2_best_C4_bits_H24_GRU2_freqRBF16,random,z_window_summary,True,140,0.0323294374390773,0.0323247480913132,0.0337918266846341,0.0337866117657234,True,0.0004,0.4824294745922088,28,1024,0.03,0.03,0.12,0.0001,False,True,single,linear,True,False,24,64,2,embedding,True,True,False,16,single_best,H24_D64_embedding_layers2,direct_rbf16_plus_context
task2_best_C4_bits_H24_GRU2_freqRBF16,task2_best_C4_bits_H24_GRU2_freqRBF16,random,z_window_summary,True,141,0.0323241406334637,0.0323194553093755,,,False,0.0004,0.4836396872997284,28,1024,0.03,0.03,0.12,0.0001,False,True,single,linear,True,False,24,64,2,embedding,True,True,False,16,single_best,H24_D64_embedding_layers2,direct_rbf16_plus_context
task2_best_C4_bits_H24_GRU2_freqRBF16,task2_best_C4_bits_H24_GRU2_freqRBF16,random,z_window_summary,True,142,0.0323130236412483,0.0323083409577541,0.0337931671419194,0.03378795483113,True,0.0004,0.4851349294185638,28,1024,0.03,0.03,0.12,0.0001,False,True,single,linear,True,False,24,64,2,embedding,True,True,False,16,single_best,H24_D64_embedding_layers2,direct_rbf16_plus_context
task2_best_C4_bits_H24_GRU2_freqRBF16,task2_best_C4_bits_H24_GRU2_freqRBF16,random,z_window_summary,True,143,0.0323173812008332,0.0323126916155871,,,False,0.0004,0.4863751530647278,28,1024,0.03,0.03,0.12,0.0001,False,True,single,linear,True,False,24,64,2,embedding,True,True,False,16,single_best,H24_D64_embedding_layers2,direct_rbf16_plus_context
task2_best_C4_bits_H24_GRU2_freqRBF16,task2_best_C4_bits_H24_GRU2_freqRBF16,random,z_window_summary,True,144,0.0323091502721239,0.0323044578029484,0.0337953777183119,0.0337901654075224,True,0.0004,0.4871346950531006,28,1024,0.03,0.03,0.12,0.0001,False,True,single,linear,True,False,24,64,2,embedding,True,True,False,16,single_best,H24_D64_embedding_layers2,direct_rbf16_plus_context
task2_best_C4_bits_H24_GRU2_freqRBF16,task2_best_C4_bits_H24_GRU2_freqRBF16,random,z_window_summary,True,145,0.0322937005233985,0.0322890190104509,,,False,0.0004,0.4879272878170013,28,1024,0.03,0.03,0.12,0.0001,False,True,single,linear,True,False,24,64,2,embedding,True,True,False,16,single_best,H24_D64_embedding_layers2,direct_rbf16_plus_context
task2_best_C4_bits_H24_GRU2_freqRBF16,task2_best_C4_bits_H24_GRU2_freqRBF16,random,z_window_summary,True,146,0.0322891482909854,0.0322844676921486,0.0338077772228939,0.0338025670971065,True,0.0002,0.4892461895942688,28,1024,0.03,0.03,0.12,0.0001,False,True,single,linear,True,False,24,64,2,embedding,True,True,False,16,single_best,H24_D64_embedding_layers2,direct_rbf16_plus_context
task2_best_C4_bits_H24_GRU2_freqRBF16,task2_best_C4_bits_H24_GRU2_freqRBF16,random,z_window_summary,True,147,0.0322566245066185,0.0322519519558302,,,False,0.0002,0.4901413023471832,28,1024,0.03,0.03,0.12,0.0001,False,True,single,linear,True,False,24,64,2,embedding,True,True,False,16,single_best,H24_D64_embedding_layers2,direct_rbf16_plus_context
task2_best_C4_bits_H24_GRU2_freqRBF16,task2_best_C4_bits_H24_GRU2_freqRBF16,random,z_window_summary,True,148,0.0322461199387489,0.0322414536912689,0.0337700297819778,0.0337648232092225,True,0.0002,0.4910073280334472,28,1024,0.03,0.03,0.12,0.0001,False,True,single,linear,True,False,24,64,2,embedding,True,True,False,16,single_best,H24_D64_embedding_layers2,direct_rbf16_plus_context
task2_best_C4_bits_H24_GRU2_freqRBF16,task2_best_C4_bits_H24_GRU2_freqRBF16,random,z_window_summary,True,149,0.032236683443105,0.0322320185208695,,,False,0.0002,0.4922371506690979,28,1024,0.03,0.03,0.12,0.0001,False,True,single,linear,True,False,24,64,2,embedding,True,True,False,16,single_best,H24_D64_embedding_layers2,direct_rbf16_plus_context
task2_best_C4_bits_H24_GRU2_freqRBF16,task2_best_C4_bits_H24_GRU2_freqRBF16,random,z_window_summary,True,150,0.0322322667007405,0.0322276062792354,0.0338207952209929,0.0338155833826589,True,0.0002,0.4928716421127319,28,1024,0.03,0.03,0.12,0.0001,False,True,single,linear,True,False,24,64,2,embedding,True,True,False,16,single_best,H24_D64_embedding_layers2,direct_rbf16_plus_context
task2_best_C4_bits_H24_GRU2_freqRBF16,task2_best_C4_bits_H24_GRU2_freqRBF16,random,z_window_summary,True,151,0.0322286191046951,0.0322239558966785,,,False,0.0002,0.4935292303562164,28,1024,0.03,0.03,0.12,0.0001,False,True,single,linear,True,False,24,64,2,embedding,True,True,False,16,single_best,H24_D64_embedding_layers2,direct_rbf16_plus_context
task2_best_C4_bits_H24_GRU2_freqRBF16,task2_best_C4_bits_H24_GRU2_freqRBF16,random,z_window_summary,True,152,0.0322302035887032,0.0322255401610436,0.0338003931263948,0.033795185569427,True,0.0002,0.4941693544387817,28,1024,0.03,0.03,0.12,0.0001,False,True,single,linear,True,False,24,64,2,embedding,True,True,False,16,single_best,H24_D64_embedding_layers2,direct_rbf16_plus_context
task2_best_C4_bits_H24_GRU2_freqRBF16,task2_best_C4_bits_H24_GRU2_freqRBF16,random,z_window_summary,True,153,0.0322193282384953,0.0322146666973126,,,False,0.0002,0.4947633445262909,28,1024,0.03,0.03,0.12,0.0001,False,True,single,linear,True,False,24,64,2,embedding,True,True,False,16,single_best,H24_D64_embedding_layers2,direct_rbf16_plus_context
task2_best_C4_bits_H24_GRU2_freqRBF16,task2_best_C4_bits_H24_GRU2_freqRBF16,random,z_window_summary,True,154,0.0322184833624458,0.0322138277337852,0.0337934480304803,0.0337882323389168,True,0.0002,0.4953952431678772,28,1024,0.03,0.03,0.12,0.0001,False,True,single,linear,True,False,24,64,2,embedding,True,True,False,16,single_best,H24_D64_embedding_layers2,direct_rbf16_plus_context
task2_best_C4_bits_H24_GRU2_freqRBF16,task2_best_C4_bits_H24_GRU2_freqRBF16,random,z_window_summary,True,155,0.0322117531838664,0.032207094049001,,,False,0.0002,0.49615478515625,28,1024,0.03,0.03,0.12,0.0001,False,True,single,linear,True,False,24,64,2,embedding,True,True,False,16,single_best,H24_D64_embedding_layers2,direct_rbf16_plus_context
task2_best_C4_bits_H24_GRU2_freqRBF16,task2_best_C4_bits_H24_GRU2_freqRBF16,random,z_window_summary,True,156,0.03220614476197,0.0322014878391439,0.0338250836079436,0.0338198780637196,True,0.0002,0.4968765079975128,28,1024,0.03,0.03,0.12,0.0001,False,True,single,linear,True,False,24,64,2,embedding,True,True,False,16,single_best,H24_D64_embedding_layers2,direct_rbf16_plus_context
task2_best_C4_bits_H24_GRU2_freqRBF16,task2_best_C4_bits_H24_GRU2_freqRBF16,random,z_window_summary,True,157,0.0322062146616838,0.0322015592323186,,,False,0.0002,0.4977490901947021,28,1024,0.03,0.03,0.12,0.0001,False,True,single,linear,True,False,24,64,2,embedding,True,True,False,16,single_best,H24_D64_embedding_layers2,direct_rbf16_plus_context
task2_best_C4_bits_H24_GRU2_freqRBF16,task2_best_C4_bits_H24_GRU2_freqRBF16,random,z_window_summary,True,158,0.0322029780787428,0.032198323045599,0.033827250231764,0.0338220392497032,True,0.0002,0.4984220862388611,28,1024,0.03,0.03,0.12,0.0001,False,True,single,linear,True,False,24,64,2,embedding,True,True,False,16,single_best,H24_D64_embedding_layers2,direct_rbf16_plus_context
